id,price
0,4518.43
1,12301.4
2,5354.6
3,61153.21
4,49748.0
5,60885.15
6,14228.28
7,63129.16
8,11489.01
9,5360.46
10,6099.15
11,5468.72
12,6724.82
13,66343.44
14,44145.24
15,4734.89
16,6330.93
17,4970.67
18,4771.54
19,55822.98
20,4992.57
21,5886.78
22,54490.99
23,54608.0
24,5817.59
25,4624.47
26,5914.04
27,7206.94
28,5492.77
29,62217.15
30,7812.82
31,61364.35
32,4850.56
33,50851.0
34,4780.86
35,5008.69
36,5710.99
37,4540.84
38,4047.9
39,10743.01
40,5597.85
41,2494.7
42,49683.45
43,5218.92
44,5635.42
45,10146.558
46,52029.64
47,55284.03
48,8200.05
49,6351.01
50,4950.31
51,55538.59
52,5223.18
53,6474.21
54,4046.93
55,4443.05
56,6356.56
57,14240.18
58,6177.97
59,4645.93
60,8208.27
61,4829.11
62,4044.56
63,43458.55
64,5101.73
65,4974.98
66,64633.59
67,3831.78
68,71447.02
69,66009.72
70,1470.29
71,2361.01
72,51809.59
73,7232.64
74,6462.14
75,6598.51
76,3969.56
77,5737.33
78,8891.54
79,6165.59
80,6732.03
81,8359.74
82,41269.0
83,6341.56
84,1776.0
85,7005.38
86,45316.51
87,6628.655
88,3039.75
89,6534.18
90,13418.1
91,4526.81
92,41716.58
93,52796.89
94,4778.4783333333335
95,5491.03
96,6704.84
97,7836.11
98,16775.67
99,32381.17
100,56751.71
101,60978.0
102,4030.43
103,2640.88
104,6077.15
105,52107.13
106,16000.05
107,9257.6
108,7755.11
109,11730.04
110,4396.99
111,6554.17
112,27991.96
113,5604.73
114,6136.253000000001
115,53118.82
116,8565.74
117,6173.93
118,61963.6
119,47169.13
120,4360.56
121,5751.8105
122,5233.66
123,75583.74333333333
124,56689.07
125,5403.593333333332
126,4512.08
127,10555.58
128,4180.93
129,35516.45
130,9804.09
131,54111.01
132,6136.97
133,5480.65
134,25318.8
135,60396.0
136,4180.41
137,5673.365
138,2623.79
139,6021.32
140,4445.54
141,5053.0216666666665
142,52598.02
143,5534.96
144,11940.54
145,60996.04
146,10546.94
147,4095.29
148,4813.201
149,8086.45
150,4380.79
151,58346.13
152,5756.6
153,53477.8
154,7506.46
155,57140.43
156,11122.17
157,4157.24
158,4345.06
159,9434.005
160,5069.38
161,16216.66
162,5731.2
163,7709.51
164,4404.08
165,4862.228571428572
166,63856.83
167,5685.66
168,3575.5
169,6229.74
170,4521.985
171,11704.34
172,6615.29
173,65514.81
174,5802.9
175,80656.31
176,6226.1
177,7299.71
178,12767.97
179,6267.49
180,55429.67
181,37150.19
182,5975.03
183,5397.19
184,10820.37
185,11570.47
186,6375.23
187,6421.455
188,68010.67
189,6051.13
190,5293.87
191,58825.08
192,9885.98
193,5180.32
194,14364.2
195,5812.39
196,10495.723333333333
197,21595.43
198,9619.25
199,5041.44
200,3678.6
201,5288.19
202,53096.63
203,64331.86
204,3528.63
205,4805.78
206,5684.3
207,48525.54
208,4916.2725
209,42455.05
210,52178.59
211,1770.68
212,6192.110833333332
213,5853.37
214,45883.0
215,6688.84
216,5409.55
217,7037.75
218,2395.455
219,67507.87
220,61454.34
221,4292.85
222,25744.28
223,4323.33
224,6365.2708571428575
225,8224.68
226,56354.38
227,55237.07
228,7174.46
229,69048.46
230,4955.29
231,3966.52
232,12685.11
233,8754.56
234,6345.89
235,11208.91
236,58687.61
237,56788.0
238,4127.71
239,5043.7
240,49785.43333333334
241,4090.14
242,45003.27
243,8342.470666666666
244,8171.98
245,49097.74
246,5553.1
247,46929.54
248,10089.78
249,11176.26
250,4370.08
251,2868.83
252,3549.97
253,54780.56
254,56144.62
255,7765.07
256,5812.78
257,57423.62
258,52425.97
259,15605.12
260,7097.09
261,4199.19
262,3026.59
263,49613.0
264,58863.41
265,13151.81
266,10156.95
267,2068.69
268,10693.29
269,3329.26
270,48293.87
271,11782.65
272,5553.02
273,6485.86
274,6289.6
275,2445.18
276,60531.88
277,4553.97
278,43985.54
279,51767.07
280,11766.34
281,6985.23
282,46728.19
283,6149.17
284,6607.53
285,33488.47
286,4760.67
287,5933.54
288,10346.72
289,63590.29
290,2128.09
291,25205.4
292,64061.3
293,53751.4
294,2955.61
295,7017.01
296,72152.79
297,4038.92
298,15834.8
299,7068.5
300,4312.58
301,5934.78
302,54608.0
303,3387.93
304,5451.22
305,6738.85
306,67137.44
307,4396.448333333334
308,4972.695
309,8678.18
310,11658.74
311,44280.0
312,5429.29
313,51710.99
314,4776.88
315,4106.55
316,11256.15
317,4707.07
318,3220.83
319,55124.58
320,52492.77
321,50816.25
322,4538.61
323,4344.8
324,23485.56
325,5878.79
326,2532.78
327,4525.326666666667
328,61010.92
329,2224.02
330,6612.28
331,3383.52
332,5243.23
333,5069.41
334,61310.4
335,5484.78
336,4512.54
337,3559.04
338,9688.96
339,9033.62
340,5823.96
341,13009.52
342,7518.64
343,4936.67
344,9720.49
345,6257.83
346,49725.0
347,4997.65
348,6168.2
349,8525.54
350,26146.24
351,54684.0
352,6800.826666666666
353,8572.57
354,5569.51
355,3997.83
356,53564.59
357,13197.86
358,3445.81
359,52083.97
360,2603.05
361,60978.0
362,5427.88
363,63311.96
364,54099.84
365,18178.18
366,51368.28
367,60308.1
368,4822.67
369,7500.13
370,7193.46
371,41729.84
372,4707.99
373,6403.38
374,7930.38
375,5493.87
376,28510.0
377,14703.29
378,6378.08
379,8750.29
380,5846.42
381,6292.17
382,4550.65
383,10082.24
384,7191.61
385,7000.98
386,4932.41
387,3144.71
388,11053.02
389,6056.737833333334
390,5987.9
391,70685.36333333333
392,4412.32
393,6386.46
394,47642.0
395,11413.27
396,5624.13
397,9913.03
398,62250.44
399,6526.48
400,50345.71
401,7551.62
402,1760.57
403,3238.51
404,14948.05
405,8708.79
406,4543.52
407,5826.985
408,2656.54
409,59750.19
410,59258.5
411,7782.343333333334
412,6423.42
413,4466.82
414,1848.11
415,9523.01
416,3100.83
417,54728.16
418,8436.73
419,6336.99
420,5319.09
421,9253.87
422,45883.0
423,3613.57
424,44404.22
425,52063.0
426,3840.03
427,3383.21
428,40071.87
429,4980.21
430,2489.92
431,4635.45
432,60865.83
433,4137.55
434,2767.52
435,19909.96
436,6602.71
437,69972.69
438,7453.47
439,54676.7
440,6275.6
441,5018.15
442,5112.29
443,39874.56
444,3291.92
445,11112.97
446,5604.72
447,13172.675
448,51361.21
449,47110.83
450,63720.63
451,3408.96
452,9832.216
453,73894.71
454,5414.66
455,51533.05
456,49663.79
457,3322.58
458,49770.81
459,4318.87
460,56449.82
461,54403.06
462,87420.09
463,7427.56
464,5753.14
465,5464.54
466,8001.33
467,4850.013333333333
468,8643.3
469,11232.47
470,5548.18
471,9844.68
472,5982.91
473,70332.58
474,5480.21
475,24735.04
476,33082.11
477,4631.32
478,6359.56
479,71837.22
480,6729.61
481,4485.02
482,49804.41
483,5711.66
484,28013.85
485,13259.41
486,9620.8
487,41767.75
488,4518.32
489,5109.82
490,5387.0675
491,6136.51
492,61113.23
493,49613.0
494,62450.89
495,64341.0
496,13500.22
497,57931.19
498,3591.42
499,1866.12
500,56033.12
501,44909.36
502,2490.71
503,41357.22
504,4393.75
505,49682.25
506,11024.83
507,6044.92
508,8309.91
509,5610.25
510,55096.73
511,5539.325
512,64841.28
513,5374.8
514,11429.63
515,7196.54
516,5605.51
517,50332.65
518,58075.3775
519,12443.73
520,19356.86
521,5302.13
522,61129.67
523,49711.82
524,16726.96
525,3273.903333333333
526,3492.34
527,8587.35
528,2612.72
529,5646.78
530,17969.47
531,2521.34
532,65320.94
533,7346.9
534,6853.12
535,69408.59
536,11029.31
537,5128.015
538,10812.67
539,77616.4975
540,6362.81
541,9667.36
542,7767.76
543,62553.30333333334
544,10629.22
545,8293.29
546,11409.47
547,45224.62
548,2062.67
549,4606.42
550,4686.405
551,12679.09
552,4820.86
553,57145.63
554,4119.33
555,4267.1725
556,34875.0
557,55329.5
558,4240.6033333333335
559,51476.7
560,57960.19
561,64967.08
562,3375.35
563,21003.38
564,10306.87
565,61550.65
566,12139.12
567,68427.66
568,11605.1
569,2160.99
570,2762.7166666666667
571,44559.87
572,5184.14
573,4209.59
574,22152.0
575,62734.66
576,30107.3
577,2893.67
578,69351.46
579,3109.99
580,3168.41
581,7289.53
582,8671.35
583,50653.48
584,11374.35
585,5322.26
586,4503.15
587,4573.63
588,5156.53
589,49613.0
590,3729.85
591,13979.31
592,1651.06
593,4014.5266666666657
594,4825.88
595,46531.87
596,11854.75
597,2275.41
598,51210.39
599,7757.6
600,4296.2
601,61374.19
602,5018.845
603,56016.77
604,64275.35
605,5950.64
606,57145.19
607,70479.25
608,14655.07
609,5656.41
610,5644.46
611,64331.09
612,4981.0
613,73167.88
614,3159.75
615,62386.95
616,7282.653333333333
617,53506.72
618,81715.24
619,5063.25
620,12879.08
621,7170.65
622,5089.71
623,7350.11
624,55022.41
625,10245.15
626,59929.38
627,11117.17
628,11406.41
629,44946.4
630,5911.1
631,51376.57
632,71400.91
633,5190.3
634,3495.7
635,8390.96
636,2600.47
637,7242.64
638,8963.71
639,1825.43
640,57513.66666666667
641,15930.21
642,41107.4
643,48879.56
644,4811.27
645,58605.96
646,5521.0
647,65607.87
648,5912.5
649,5904.7
650,3470.32
651,66525.27
652,44955.32
653,5982.318333333334
654,5100.0
655,5117.48
656,52918.13
657,5044.48
658,4610.38
659,4931.89
660,39499.0
661,7839.9
662,53098.05
663,4668.76
664,2226.38
665,10095.99
666,5181.04
667,7738.92
668,24667.48
669,1653.42
670,5677.29
671,13473.12
672,51633.06
673,4321.65
674,59017.14
675,53689.81
676,44764.13
677,3095.95
678,5167.85
679,3936.87
680,4785.47
681,3771.95
682,61557.51
683,7631.3
684,4042.57
685,3576.45
686,52063.0
687,6609.52
688,12061.81
689,50537.57
690,6059.18
691,5153.13
692,53564.59
693,51817.0
694,5986.0
695,57495.56
696,2628.76
697,8729.1
698,5846.69
699,46242.0
700,14231.036666666665
701,5878.12
702,22171.7
703,44599.17
704,15013.48
705,50945.41
706,5771.21
707,4843.26
708,4707.021428571428
709,6750.79
710,14403.3
711,52116.19
712,4743.12
713,49244.81
714,8422.62
715,5135.83
716,3973.77
717,11300.37
718,2520.78
719,64453.59
720,44253.87
721,60964.46
722,53489.67
723,6111.15
724,1888.09
725,4327.68
726,4110.14
727,29511.16
728,4428.75
729,6436.21
730,63121.99
731,2342.26
732,3517.48
733,2124.0
734,65534.95
735,63907.98
736,4178.88
737,45883.0
738,20741.12
739,5194.39
740,11163.44
741,14332.34
742,8056.97
743,5703.0
744,63056.9125
745,64703.11
746,8740.773333333333
747,6372.91
748,7595.245
749,10115.94
750,76282.0
751,6336.93
752,5829.18
753,5494.08
754,5637.76
755,51004.25
756,5827.41
757,6697.24
758,3008.08
759,61815.69
760,7162.82
761,6224.34
762,52609.01
763,5044.49
764,57682.87
765,3143.84
766,4963.2
767,4474.65
768,5134.05
769,56083.98
770,4438.393333333333
771,49613.0
772,6047.22
773,6883.868333333334
774,59878.77
775,20684.0
776,67053.74
777,63411.39
778,6722.3
779,51710.39
780,6292.41
781,7076.32
782,7373.27
783,4994.8859999999995
784,7417.15
785,2499.34
786,2158.7
787,9111.27
788,11597.9335
789,8626.5
790,5402.895
791,36481.35
792,66040.845
793,4809.41
794,8457.100416666668
795,6189.37
796,10787.2
797,8260.79
798,4711.6
799,5071.6
800,7504.18
801,11050.3
802,2332.17
803,72831.39
804,5934.01
805,68614.05
806,4495.06
807,5243.45
808,6209.61
809,6624.34
810,22561.71
811,5810.298333333332
812,13967.09
813,27830.0
814,10100.4
815,2519.06
816,10321.78
817,5949.0
818,6667.53
819,5006.248333333334
820,50435.02
821,33860.27
822,3711.03
823,2549.15
824,50300.64
825,14621.25
826,7383.01
827,5713.25
828,4762.61
829,7484.65
830,17464.32
831,2180.205
832,4672.62
833,5644.943333333334
834,44144.0
835,4398.31
836,45693.0
837,5221.78
838,5166.6
839,12332.43
840,3116.75
841,7744.1
842,5818.76
843,6115.74
844,5819.9
845,3406.9
846,12023.03
847,7096.7
848,6522.44
849,10258.067333333334
850,51063.91
851,7237.84
852,3942.928
853,65340.73
854,5946.94
855,6667.15
856,4571.77
857,9752.21
858,72048.11
859,4467.41
860,7569.95
861,4598.09
862,4966.24
863,9402.73
864,6272.43
865,52533.24
866,5540.82
867,71846.01
868,5669.44
869,5996.46
870,57415.57
871,3968.49
872,4180.25
873,15085.65
874,4576.63
875,58744.22
876,3557.47
877,13144.24
878,52572.01
879,12550.04
880,62000.2
881,4504.47
882,67258.98
883,6378.72
884,21597.92
885,45367.73
886,4509.32
887,10237.92
888,6252.63
889,58316.19
890,5546.104
891,38399.91
892,4792.39
893,5155.11
894,6414.37
895,64758.74
896,5295.08
897,11549.52
898,51445.9
899,4851.69
900,3693.025
901,62613.52
902,8727.09
903,13848.41
904,47983.56
905,60588.85
906,5597.59
907,56476.0
908,11600.045
909,7592.48
910,57307.94
911,5427.675
912,55701.45
913,2918.7
914,3827.91
915,4513.77
916,49792.97
917,51707.0
918,13651.74
919,1578.44
920,49725.0
921,57195.99
922,4487.61
923,6142.02
924,7836.38
925,6650.41
926,39352.36
927,4434.29
928,56555.79
929,51834.15
930,15064.56
931,3505.87
932,5738.522
933,11607.78
934,53537.93
935,60665.8
936,7605.916666666666
937,7494.51
938,4092.88
939,5103.4
940,48153.18
941,50641.64
942,55218.28
943,46288.99
944,13873.765
945,12397.11
946,4519.72
947,55161.99
948,1860.62
949,5837.51
950,5435.69
951,4930.48
952,56037.1
953,5979.386666666667
954,2622.53
955,56446.82
956,7111.06
957,6954.485
958,54980.46
959,5887.46
960,8823.38
961,11734.35
962,4448.09
963,7766.01
964,27864.0
965,2564.22
966,60741.49
967,72087.48
968,5553.76
969,43056.55
970,7880.42
971,4768.28
972,6659.65
973,6897.85
974,4816.28
975,6970.1
976,39095.92
977,6045.54
978,5184.53
979,10397.15
980,10953.6
981,7836.66
982,7593.61
983,4790.21
984,7180.88
985,6545.09
986,13331.9
987,5418.46
988,7465.27
989,66079.8
990,5780.91
991,2386.38
992,56282.10833333334
993,5777.58
994,7374.25
995,6243.89
996,4522.38
997,50972.78
998,7430.1
999,5596.31
1000,11542.07
1001,1547.09
1002,52088.07
1003,6226.1523809523815
1004,12319.21
1005,61174.45
1006,8134.51
1007,51903.91
1008,11604.77
1009,5798.06
1010,9741.766666666666
1011,53967.46
1012,10152.67
1013,4201.04
1014,51655.88
1015,2655.35
1016,4282.65
1017,6218.626666666666
1018,6176.63
1019,5251.41
1020,5142.8
1021,5657.84
1022,7128.11
1023,6000.67
1024,3811.52
1025,63585.05
1026,5162.29
1027,6398.63
1028,5551.94
1029,8912.47
1030,38743.0
1031,2265.96
1032,13156.1275
1033,65407.1
1034,8841.19
1035,5242.36
1036,9962.76
1037,5940.29
1038,2347.36
1039,4375.125
1040,58914.687999999995
1041,5860.65
1042,5080.52
1043,8618.33
1044,3923.42
1045,51304.96
1046,31395.26
1047,4987.6
1048,65534.4
1049,5503.21
1050,55918.42
1051,6741.73
1052,48572.18
1053,38017.86
1054,5129.98
1055,58548.4
1056,7739.59
1057,12694.11
1058,56179.68
1059,4701.8
1060,4352.6
1061,76094.46
1062,57621.32
1063,6516.49
1064,45742.89
1065,7100.995
1066,4231.94
1067,4538.22
1068,2870.82
1069,56072.6
1070,4007.48
1071,55008.37
1072,61452.8
1073,68767.12
1074,41826.74
1075,54633.49
1076,4103.12
1077,6414.59
1078,67929.52
1079,6899.11
1080,6318.149166666666
1081,3030.08
1082,7609.84
1083,3777.68
1084,33934.99
1085,5474.35
1086,15302.88
1087,6453.95
1088,32458.73
1089,4861.85
1090,3395.48
1091,2128.89
1092,5059.25125
1093,4373.46
1094,7256.98
1095,5692.01
1096,4436.05
1097,2446.76
1098,6576.55
1099,9233.9075
1100,7222.945
1101,5393.06
1102,51864.09
1103,51707.0
1104,5949.0
1105,69437.0
1106,5399.84
1107,4606.1
1108,41444.57
1109,4291.27
1110,8072.19
1111,6483.15
1112,7691.88
1113,7148.6
1114,5415.88
1115,51681.47333333333
1116,58687.36
1117,5187.47
1118,61838.47
1119,7641.67
1120,54441.4
1121,4729.91
1122,44966.32
1123,10780.14
1124,23959.26
1125,2521.87
1126,56154.52
1127,6768.1
1128,2108.76
1129,43301.42
1130,51064.19
1131,10713.39
1132,7190.07
1133,53846.6
1134,50263.82
1135,5157.61
1136,6872.51
1137,42465.33
1138,12923.8
1139,11143.32
1140,6655.32
1141,7058.57
1142,36568.4
1143,8627.34
1144,5111.8
1145,5670.51
1146,3230.91
1147,6690.07
1148,2135.87
1149,4445.33
1150,3963.44
1151,2424.3566666666666
1152,2579.02
1153,5966.24
1154,24407.1
1155,61897.34
1156,12941.71
1157,3197.75
1158,5457.21
1159,52143.64
1160,10289.72
1161,4704.14
1162,68962.6
1163,15050.49
1164,6620.21
1165,6643.7
1166,51707.0
1167,41662.2
1168,2133.88
1169,56588.0
1170,74903.0875
1171,2707.89
1172,4658.27
1173,46253.41
1174,4769.83
1175,2186.97
1176,8372.0
1177,6345.57
1178,5414.93
1179,8868.84
1180,80973.52
1181,5118.72
1182,4611.4
1183,5322.24
1184,6845.89
1185,5178.34
1186,14194.69
1187,11131.0
1188,16132.34
1189,2415.6375
1190,51089.59
1191,3885.85
1192,18266.95
1193,57088.7
1194,61823.93
1195,55977.62
1196,13062.08
1197,4829.95
1198,38728.56
1199,13358.87
1200,2756.4041666666662
1201,2785.08
1202,4469.78
1203,4476.31
1204,14131.92
1205,5527.07
1206,2746.8
1207,4885.47
1208,10657.12
1209,4970.18
1210,2347.96
1211,6696.9
1212,5528.44
1213,7071.7
1214,6026.831666666668
1215,3069.92
1216,11197.71
1217,5653.598571428572
1218,2739.13
1219,6499.77
1220,6039.69
1221,4952.15
1222,4655.86
1223,3496.92
1224,5934.22
1225,3844.86
1226,12644.09
1227,5799.81
1228,4922.15
1229,5280.65
1230,3737.19
1231,5533.54
1232,62057.32
1233,12179.65
1234,32563.8
1235,7529.28
1236,4853.83
1237,58167.15
1238,7753.39
1239,3368.39
1240,38554.06
1241,6238.56
1242,5328.2
1243,4548.97
1244,7668.62
1245,63282.89
1246,12459.55
1247,2655.63
1248,56118.16
1249,15101.61
1250,2439.84
1251,10619.51
1252,47115.4
1253,10460.2
1254,28420.86
1255,7195.22
1256,6135.29
1257,39810.23
1258,45130.7
1259,3057.77
1260,4256.58
1261,5113.59
1262,5552.52
1263,2372.28
1264,4894.73
1265,4902.886666666666
1266,6573.28
1267,4038.18
1268,6231.49
1269,12123.17
1270,6332.07
1271,4319.686
1272,4390.27
1273,53645.0
1274,21707.28
1275,51345.49
1276,8643.76
1277,6756.02
1278,36563.71
1279,4584.006666666667
1280,2465.97
1281,51458.84
1282,4481.156666666667
1283,75790.91
1284,11344.62
1285,6183.1
1286,4767.56
1287,6479.96
1288,5498.05
1289,52511.16
1290,5695.1
1291,4846.44
1292,2450.91
1293,2757.11
1294,71574.2
1295,2559.07
1296,5470.87
1297,41501.48
1298,54559.44
1299,70846.88
1300,3866.25
1301,5199.496666666666
1302,4652.62
1303,8860.11
1304,4115.47
1305,56355.94
1306,8275.28
1307,3748.48
1308,42886.75
1309,5313.16
1310,5250.23
1311,6920.375
1312,11380.88
1313,4351.48
1314,8110.093333333332
1315,12406.58
1316,11465.93
1317,4764.05
1318,3712.52
1319,5445.41
1320,2638.4466666666667
1321,39100.53
1322,24078.4
1323,59233.64599999999
1324,49753.37
1325,53319.21
1326,3191.94
1327,12955.03
1328,7646.49
1329,12537.96
1330,2540.66
1331,4693.55
1332,9953.75
1333,20968.89
1334,4902.94
1335,11212.67
1336,15026.29
1337,6983.1
1338,12391.91
1339,77831.73
1340,5633.14
1341,60393.91
1342,2471.82
1343,2631.06
1344,56337.6
1345,12134.62
1346,5393.93
1347,15417.78
1348,4131.91
1349,7269.28
1350,46230.06
1351,42862.21
1352,2554.31
1353,2324.65
1354,4768.42
1355,4826.9685
1356,9143.32
1357,8939.73
1358,6044.47
1359,2901.0
1360,2233.05
1361,5922.33
1362,55776.43
1363,8234.26
1364,2903.04
1365,40864.02
1366,5319.41
1367,54008.92
1368,6570.65
1369,25305.06
1370,2198.8
1371,3815.42
1372,5207.33
1373,77525.23
1374,9994.39
1375,5842.33
1376,2960.93
1377,7076.99
1378,8232.93
1379,6287.21
1380,12556.736
1381,2461.66
1382,71577.07
1383,55745.69
1384,5240.63
1385,3097.09
1386,60587.03
1387,5266.38
1388,50395.08
1389,10705.63
1390,5382.15
1391,5541.43
1392,7807.86
1393,7484.6
1394,3018.3
1395,38499.08
1396,42672.14
1397,22211.11
1398,52957.27
1399,4650.83
1400,34968.32
1401,3828.49
1402,52432.285
1403,57802.2
1404,50419.9
1405,3112.2
1406,4543.04
1407,5394.03
1408,6197.21
1409,65957.83
1410,7975.02
1411,4668.8
1412,52005.02
1413,2233.59
1414,44287.05
1415,4646.64
1416,12978.98
1417,10392.25
1418,1541.58
1419,24271.07
1420,4725.53
1421,8443.81
1422,5341.14
1423,10707.46
1424,4414.61
1425,4730.19
1426,8892.92
1427,11271.6
1428,4582.9
1429,64871.6
1430,12508.39
1431,3673.33
1432,6320.78
1433,55430.55
1434,3911.88
1435,58030.91
1436,39613.78
1437,7495.52
1438,11431.81
1439,3108.99
1440,10606.12
1441,51668.97
1442,3024.01
1443,5772.608666666667
1444,2328.84
1445,5139.76
1446,6874.91
1447,7637.85
1448,5147.37
1449,68581.71
1450,7529.59
1451,2537.265
1452,6587.54
1453,72877.2
1454,5594.88
1455,5861.77
1456,4631.04
1457,60215.65
1458,12733.25
1459,3391.51
1460,43472.88
1461,61448.35
1462,11426.78
1463,4308.67
1464,6508.43
1465,7536.65
1466,39076.32
1467,4895.423333333333
1468,76449.18
1469,74250.17
1470,11163.08
1471,12237.14
1472,6142.28
1473,4668.94
1474,5084.35
1475,4984.0
1476,2303.11
1477,45805.0
1478,5425.985
1479,5940.85
1480,8779.42
1481,9368.42
1482,14492.36
1483,2878.99
1484,2185.42
1485,5370.11
1486,5488.35
1487,14294.43
1488,6037.09
1489,10624.03
1490,1762.22
1491,5549.94
1492,9009.04
1493,4555.55
1494,8482.56
1495,3861.93
1496,50202.64
1497,55332.3
1498,6160.04
1499,4650.21
1500,60149.54
1501,11500.64
1502,7946.39
1503,4529.92
1504,5507.91
1505,5973.14
1506,56702.38
1507,62508.68
1508,6108.93
1509,5538.25
1510,60550.05
1511,7029.0
1512,14943.59
1513,4964.13
1514,4007.81
1515,4794.08
1516,4557.19
1517,62032.92
1518,56706.45
1519,1639.6
1520,10429.46
1521,4904.66
1522,2645.37
1523,4340.53
1524,76965.56
1525,58770.67
1526,3036.89
1527,3732.37
1528,13852.24
1529,4189.66
1530,73782.75
1531,59021.0
1532,5415.86
1533,2421.82
1534,24384.7
1535,52044.85
1536,5622.79
1537,9650.61
1538,41269.0
1539,9750.53
1540,5179.94
1541,49725.0
1542,5800.1
1543,2342.78
1544,2451.9
1545,12519.34
1546,41260.33
1547,39246.57
1548,5750.12
1549,59489.1
1550,1779.78
1551,4065.36
1552,6252.64
1553,8251.58
1554,5916.85
1555,52676.49
1556,5794.113571428572
1557,50010.05
1558,23956.5
1559,4728.76
1560,4513.38
1561,7888.14
1562,60451.48
1563,4182.19
1564,10943.09
1565,3011.7
1566,8725.49
1567,5780.64
1568,6690.08
1569,5590.96
1570,58380.74
1571,6022.6375
1572,6180.37
1573,56636.99
1574,55602.27
1575,7682.06
1576,53672.46
1577,6311.51
1578,7397.4
1579,4813.81
1580,52392.0
1581,45693.0
1582,7448.3
1583,2204.64
1584,4282.34
1585,52161.55
1586,3889.68
1587,50018.4
1588,71786.05714285714
1589,64650.95
1590,5665.321666666668
1591,5911.6
1592,47238.34
1593,3233.07
1594,11963.68
1595,9856.89
1596,5026.88
1597,5138.71
1598,2974.93
1599,6133.64
1600,4744.33
1601,8973.67
1602,6734.67
1603,5004.74
1604,4332.52
1605,4307.05
1606,6154.87
1607,6818.36
1608,8418.85
1609,4533.95
1610,56761.32
1611,6319.14
1612,9079.755
1613,5434.956
1614,8489.3
1615,9764.63719047619
1616,10634.75
1617,9269.28
1618,14913.11
1619,4950.82
1620,44048.12
1621,7791.86
1622,64774.39
1623,55351.58
1624,8880.44
1625,2832.44
1626,39277.13
1627,3769.94
1628,17798.44
1629,40242.12
1630,72671.5
1631,69198.91
1632,2252.545
1633,5068.41
1634,38016.93
1635,5661.88
1636,8007.85
1637,6676.2480000000005
1638,53208.55
1639,55050.14
1640,6596.36
1641,4335.36
1642,5238.48
1643,5062.22
1644,2968.09
1645,64016.28666666667
1646,6546.2
1647,1625.94
1648,7667.61
1649,45023.32
1650,46183.29
1651,4049.59
1652,55197.73
1653,57226.72
1654,5576.44
1655,72876.58
1656,4454.91
1657,14156.84
1658,9516.53
1659,3730.61
1660,10558.56
1661,7124.45
1662,60308.86
1663,65865.41
1664,5032.95
1665,71538.93749999999
1666,22052.3
1667,4235.03
1668,2875.0
1669,60550.38
1670,12980.59
1671,10273.81
1672,4404.69
1673,59544.79
1674,40130.66
1675,53113.12
1676,5597.26
1677,5938.24
1678,5302.92
1679,5975.158
1680,55908.89
1681,49553.0
1682,15844.16
1683,7440.53
1684,5645.33
1685,43974.91
1686,5086.58
1687,42107.79
1688,51696.15
1689,2256.79
1690,5605.11
1691,5041.8
1692,12052.49
1693,54560.09
1694,6336.527238095238
1695,7347.43
1696,10085.54
1697,56308.31
1698,11464.71
1699,43896.29
1700,4056.58
1701,49634.89
1702,9837.662499999999
1703,7804.89
1704,5266.63
1705,4997.8
1706,6525.34
1707,63787.27
1708,4972.88
1709,8415.47
1710,8649.015
1711,2864.59
1712,11748.22
1713,5538.39
1714,5497.75
1715,6513.38
1716,5106.76
1717,5949.0
1718,4012.68
1719,10105.71
1720,6458.53
1721,4491.1
1722,63945.32
1723,44664.03
1724,10196.59
1725,4231.06
1726,22140.0
1727,12072.61
1728,4840.45
1729,6759.69
1730,44296.58333333334
1731,7462.02
1732,3089.79
1733,58077.62
1734,50907.2
1735,2098.1
1736,2310.11
1737,5636.36
1738,12571.2
1739,55542.24
1740,43844.36
1741,49207.0
1742,15221.09
1743,60387.12
1744,7963.19
1745,4661.61
1746,61451.40833333333
1747,55011.83
1748,6710.79
1749,51989.9
1750,7937.32
1751,3987.08
1752,11388.12
1753,35546.56
1754,60752.71
1755,10513.45
1756,2735.08
1757,5560.31
1758,50271.0
1759,10724.9
1760,5631.06
1761,3448.3
1762,1728.71
1763,13529.01
1764,4390.13
1765,55479.47
1766,63686.66
1767,2848.19
1768,2742.09
1769,8896.6
1770,5601.8
1771,4029.9
1772,54570.13
1773,4989.82
1774,56512.27
1775,4509.5
1776,5582.57
1777,4966.88
1778,47994.97
1779,4259.61
1780,45307.01
1781,7114.853333333333
1782,4414.59
1783,51792.94
1784,5297.24
1785,45883.0
1786,61124.14
1787,46568.79
1788,4155.97
1789,7992.78
1790,11295.58
1791,62648.54333333333
1792,4785.876666666667
1793,4478.31
1794,12700.87
1795,51027.05
1796,6871.35
1797,62519.88
1798,12523.67
1799,6909.73
1800,52864.26
1801,6086.6833333333325
1802,9244.822999999999
1803,4430.55
1804,5048.91
1805,56263.26
1806,53315.36
1807,9641.84
1808,5585.89
1809,45375.17
1810,60260.0
1811,49312.52
1812,5095.26
1813,5114.37
1814,3657.37
1815,64473.25
1816,42756.2
1817,7517.11
1818,9418.72
1819,59265.48333333334
1820,3460.43
1821,2655.34
1822,71862.69
1823,52595.32
1824,50112.56
1825,56366.91
1826,6572.84
1827,26219.94
1828,1624.2
1829,11820.94
1830,8352.048
1831,8913.62
1832,63750.96
1833,5746.36
1834,67365.64883333334
1835,5281.57
1836,6425.33
1837,6338.29
1838,3777.76
1839,42392.45
1840,5191.84
1841,5635.27
1842,8457.6
1843,4261.63
1844,5372.02
1845,5237.61
1846,4959.05
1847,2437.86
1848,53764.46
1849,5945.15
1850,8704.13
1851,58470.1
1852,3596.5
1853,4856.36
1854,4909.18
1855,4794.02
1856,5534.51
1857,62103.67
1858,2103.57
1859,5028.54
1860,6967.32
1861,5629.7
1862,70217.9
1863,54251.07
1864,20684.0
1865,43854.88
1866,6649.76
1867,58772.03
1868,56271.97
1869,59196.73
1870,6123.59
1871,3911.22
1872,4568.48
1873,25361.62
1874,12980.55
1875,22151.88
1876,50978.67
1877,11626.65
1878,7135.09
1879,5623.46
1880,10812.16
1881,6254.84
1882,4731.41
1883,5736.16
1884,7576.71
1885,3343.7785000000003
1886,69302.72166666666
1887,41623.83
1888,5677.918333333334
1889,2450.67
1890,56643.62333333333
1891,5714.08
1892,6174.67
1893,4982.02
1894,52918.13
1895,11964.04
1896,5211.13
1897,6012.98
1898,2846.19
1899,60114.99
1900,4743.08
1901,24234.0
1902,5812.98
1903,6600.58
1904,4762.81
1905,4792.22
1906,65358.82
1907,36068.6
1908,7076.37
1909,8341.55
1910,22617.76
1911,4046.2
1912,5922.59
1913,5630.97
1914,4034.54
1915,47653.2
1916,4429.5
1917,4500.9
1918,6634.53
1919,5837.6
1920,38131.15
1921,6173.94
1922,3571.08
1923,10510.32
1924,61588.34
1925,6816.13
1926,5486.34
1927,6151.33
1928,44903.78
1929,4719.85
1930,10209.97
1931,6955.63
1932,49833.63
1933,45883.0
1934,6355.17
1935,54316.47
1936,7282.096666666667
1937,2615.06
1938,49421.97
1939,3144.65
1940,6930.5
1941,50054.18
1942,8105.29
1943,13166.74
1944,60242.32
1945,1844.58
1946,6112.64
1947,56172.87
1948,4118.77
1949,14480.35
1950,50695.34
1951,4775.73
1952,59021.0
1953,2318.83
1954,60396.0
1955,3104.82
1956,7852.93
1957,59765.52
1958,8018.06
1959,20741.12
1960,5482.86
1961,11124.54
1962,13345.53
1963,2342.99
1964,4433.460095238095
1965,59896.75
1966,62481.8
1967,5011.42
1968,11238.27
1969,6454.621000000001
1970,4547.86
1971,6295.24
1972,4599.17
1973,5521.24
1974,5296.13
1975,6198.73
1976,27792.0
1977,23838.0
1978,6181.75
1979,4680.71
1980,5973.02
1981,4611.69
1982,65046.73
1983,44280.0
1984,5899.29
1985,56743.24
1986,4120.170999999999
1987,4346.56
1988,7443.16
1989,4765.18
1990,65613.91
1991,53045.17
1992,2811.87
1993,8187.81
1994,10764.803333333335
1995,57652.48
1996,11235.91
1997,82634.07
1998,4535.693333333333
1999,43133.4
2000,5453.51
2001,55555.73
2002,7684.82
2003,9402.45
2004,66104.64
2005,10093.42
2006,7393.8
2007,8736.24
2008,1821.75
2009,41399.83
2010,3129.92
2011,58379.6
2012,10969.13
2013,6708.87
2014,9600.35
2015,58886.64
2016,3587.43
2017,2379.88
2018,4535.98
2019,6148.95
2020,5177.761666666666
2021,5354.36
2022,60314.33
2023,11765.5
2024,51006.25
2025,3773.38
2026,9813.33
2027,3204.64
2028,57948.05
2029,7404.46
2030,4383.89
2031,5781.53
2032,28484.17
2033,2391.52
2034,60742.92
2035,13833.12
2036,3161.13
2037,7794.17
2038,6159.55
2039,67689.76
2040,52897.07
2041,5626.48
2042,6112.73
2043,6192.67
2044,5662.71
2045,4345.69
2046,4299.43
2047,13932.275999999998
2048,4200.22
2049,6213.11
2050,16365.1
2051,49728.26
2052,12719.76
2053,53621.37
2054,10765.15
2055,2996.85
2056,53019.17
2057,52730.2
2058,6544.87
2059,52174.6
2060,10086.04
2061,7482.29
2062,5467.15
2063,11268.06
2064,6467.35
2065,72940.27
2066,13049.97
2067,5548.221
2068,4288.87
2069,5405.2
2070,2476.34
2071,38540.29
2072,15509.14
2073,6191.58
2074,11158.63
2075,2854.99
2076,7979.24
2077,6615.59
2078,5686.56
2079,43604.87
2080,7099.87
2081,6325.64
2082,59600.02
2083,80844.49
2084,5089.63
2085,50378.48
2086,5891.5
2087,20148.52
2088,5049.83
2089,6825.47
2090,53267.24
2091,7896.21
2092,4371.8009999999995
2093,3979.62
2094,73354.46
2095,5080.36
2096,8884.27
2097,7483.52
2098,6963.265
2099,6145.38
2100,4068.17
2101,5163.37
2102,54864.47
2103,5980.6625
2104,55684.94
2105,4985.4
2106,3381.52
2107,3920.41
2108,3362.92
2109,2418.48
2110,49272.75
2111,27792.0
2112,5484.1481428571415
2113,2448.48
2114,4241.85
2115,55983.0
2116,3064.09
2117,7382.36
2118,5816.35
2119,72934.96
2120,11325.34
2121,6098.0
2122,8395.26
2123,56131.885
2124,7236.13
2125,7053.835
2126,47439.32
2127,4183.605
2128,5187.71
2129,4499.0
2130,4898.09
2131,5391.53
2132,3610.55
2133,56634.64
2134,6306.27
2135,9398.95
2136,8695.11
2137,5518.08
2138,79214.3
2139,4488.57
2140,65835.67
2141,12946.255
2142,14032.1
2143,45019.5
2144,51413.33
2145,10706.96
2146,45224.62
2147,5001.91
2148,20684.0
2149,13719.91
2150,6761.22
2151,6615.6
2152,65529.88
2153,4382.83
2154,61975.91
2155,5483.05
2156,12044.18
2157,54259.11
2158,9702.4
2159,56091.75
2160,5337.1
2161,6988.06
2162,5029.72
2163,6189.75
2164,56710.44
2165,13648.36
2166,37533.76
2167,2062.4
2168,39438.6
2169,4040.54
2170,66213.95
2171,4588.696666666667
2172,3902.65
2173,5557.33
2174,3544.85
2175,7784.898773809524
2176,5425.227333333334
2177,4222.41
2178,3993.43
2179,8014.39
2180,69136.73
2181,22223.52
2182,9880.06
2183,42162.04
2184,43034.98
2185,11031.33
2186,7302.09
2187,9857.4
2188,3556.9566666666665
2189,63995.23
2190,6856.35
2191,81793.89
2192,69146.56
2193,4795.187
2194,11533.97
2195,5363.04
2196,2796.25
2197,15163.61
2198,14290.65
2199,9558.11
2200,8720.146999999999
2201,49780.94
2202,4658.37
2203,6105.52
2204,39991.05
2205,15050.81
2206,11086.89
2207,1714.0
2208,7298.51
2209,3941.92
2210,4988.6925
2211,66928.0
2212,5729.36
2213,5300.53
2214,65433.05
2215,3438.87
2216,5600.53
2217,2549.36
2218,8427.26
2219,11662.89
2220,6858.055
2221,37546.97
2222,6236.7
2223,5227.61
2224,6475.69
2225,5263.32
2226,5269.0
2227,5419.415
2228,5528.0
2229,56620.56
2230,10971.54
2231,8808.84
2232,4120.84
2233,4316.13
2234,5190.08
2235,6406.13
2236,7090.684333333333
2237,5407.24
2238,13001.26
2239,6272.795999999999
2240,2917.96
2241,2292.56
2242,50565.92
2243,52495.88
2244,7038.49
2245,4262.57
2246,23072.28
2247,13190.86
2248,66491.89
2249,33030.12
2250,8502.5
2251,49474.12
2252,8562.4
2253,2324.0
2254,3792.51
2255,2571.62
2256,6355.44
2257,4280.05
2258,4872.13
2259,3920.04
2260,7430.34
2261,62616.31
2262,6060.54
2263,46226.12
2264,59602.52
2265,6031.565
2266,5311.19
2267,14038.91
2268,6144.05
2269,54608.0
2270,67080.35
2271,53774.72
2272,7381.05
2273,3007.34
2274,6012.21
2275,6541.7
2276,4145.7
2277,52015.98
2278,4638.05
2279,5063.82
2280,62713.52
2281,53733.01
2282,4122.75
2283,4182.6
2284,6189.64
2285,3968.75
2286,2234.87
2287,13460.97
2288,4562.15
2289,5274.4
2290,11100.3
2291,55016.95
2292,5430.89
2293,61078.045
2294,31947.0
2295,7327.99
2296,39404.09
2297,74074.33
2298,3758.76
2299,42427.04
2300,22152.0
2301,6100.48
2302,5308.87
2303,1786.22
2304,2202.39
2305,5949.91
2306,2640.95
2307,4457.2675
2308,50524.91
2309,47180.12
2310,7369.445
2311,1767.46
2312,6255.2475
2313,4617.93
2314,4485.9
2315,2993.82
2316,9755.76
2317,6159.39
2318,3999.0
2319,56164.19
2320,53754.19
2321,47662.79
2322,4537.93
2323,5546.27
2324,46785.28
2325,8861.32
2326,25284.06
2327,58471.94
2328,6324.44
2329,5855.67
2330,8096.670666666667
2331,6105.71
2332,54684.0
2333,5130.69
2334,6654.29
2335,11513.59
2336,3814.37
2337,2869.76
2338,16429.09
2339,3094.96
2340,9932.416666666668
2341,5264.59
2342,3411.46
2343,68545.14
2344,5352.35
2345,45693.0
2346,4378.41
2347,6385.32
2348,14123.49
2349,5936.98
2350,5273.83
2351,5957.18
2352,49725.0
2353,7722.14
2354,56072.6
2355,6577.61
2356,5933.432
2357,56331.83
2358,59929.70849999999
2359,5630.76
2360,5620.9
2361,9589.77
2362,4232.91
2363,1726.93
2364,57601.58
2365,53372.12
2366,52304.6
2367,50584.62
2368,7234.67
2369,3677.66
2370,5390.29
2371,57183.49
2372,5171.24
2373,34501.3
2374,16760.92
2375,3078.77
2376,5831.29
2377,62828.57
2378,6634.27
2379,4738.73
2380,50898.58
2381,2791.84
2382,3977.34
2383,2462.24
2384,4036.62
2385,53313.12
2386,6960.14
2387,4616.42
2388,28455.7
2389,8716.49
2390,5736.72
2391,8847.28
2392,66667.69
2393,58745.68
2394,4364.39
2395,48558.9
2396,2368.92
2397,57027.86
2398,59947.82
2399,50375.75
2400,3361.1
2401,11491.46
2402,6152.78
2403,59121.55
2404,5127.87
2405,4089.85
2406,8046.8
2407,7177.2919999999995
2408,4375.61
2409,2400.33
2410,15223.62
2411,47519.07
2412,6447.64
2413,7029.12
2414,4306.84
2415,50025.09
2416,6355.02
2417,9151.55
2418,53164.0
2419,7569.52
2420,6572.43
2421,4599.63
2422,17121.47
2423,5683.64
2424,58532.09
2425,62053.32
2426,59021.0
2427,4653.63
2428,5695.75
2429,4960.05
2430,6728.67
2431,44580.99
2432,14161.54
2433,6402.92
2434,57201.86
2435,4915.2
2436,4501.11
2437,2636.73
2438,6539.12
2439,4857.81
2440,4007.9266666666667
2441,3349.82
2442,2646.26
2443,69597.945
2444,10479.66
2445,65849.93
2446,49236.68
2447,3707.2
2448,4500.92
2449,6237.97
2450,7102.15
2451,4617.03
2452,5131.14
2453,6102.75
2454,53509.31666666667
2455,5649.35
2456,13979.56
2457,3881.14
2458,5036.81
2459,67374.88
2460,6018.71
2461,52649.47
2462,4007.14
2463,5949.0
2464,1863.83
2465,6592.12
2466,9701.47
2467,4776.61
2468,8083.615
2469,46068.44
2470,56068.43
2471,8161.043166666666
2472,59916.05
2473,6027.18
2474,13587.72
2475,6789.04
2476,5495.9
2477,2137.43
2478,2430.22
2479,6105.423333333332
2480,8240.06
2481,8263.73
2482,41877.93
2483,6570.69
2484,4764.95
2485,4053.15
2486,6567.72
2487,6195.43
2488,4501.86
2489,67617.3
2490,5919.36
2491,4912.18
2492,4825.445
2493,5224.58
2494,57802.2
2495,4537.39
2496,11516.81
2497,2925.56
2498,2928.12
2499,5182.73
2500,7923.55
2501,60526.34
2502,4614.37
2503,5342.32
2504,6197.21
2505,7322.47
2506,2939.97
2507,5726.404166666667
2508,11359.98
2509,44110.46
2510,70898.91466666666
2511,76115.39
2512,4197.08
2513,4170.52
2514,6692.99
2515,62364.51
2516,8336.38
2517,6196.38
2518,6742.14
2519,9412.34
2520,4006.94
2521,55019.01
2522,6727.12
2523,2731.61
2524,62606.82
2525,56548.43
2526,4607.47
2527,53629.75
2528,4626.07
2529,6627.14
2530,20760.0
2531,5932.32
2532,67883.65
2533,7843.77
2534,10310.5
2535,10901.07
2536,6595.71
2537,2712.13
2538,8092.47
2539,10395.38
2540,56541.37
2541,2585.59
2542,60359.95
2543,60978.0
2544,5970.54
2545,7498.09
2546,49613.0
2547,2402.2366666666667
2548,56329.25
2549,7811.72
2550,4478.87
2551,47366.33
2552,3673.77
2553,4796.93
2554,2333.97
2555,4022.42
2556,7544.3
2557,50621.06
2558,6335.391388888889
2559,2222.1
2560,66879.17
2561,5972.76
2562,4131.59
2563,49725.0
2564,12245.42
2565,5324.82
2566,27533.55
2567,49613.0
2568,4525.6955
2569,40279.64
2570,4318.602285714286
2571,3997.95
2572,50147.54333333334
2573,61258.08
2574,7895.061666666667
2575,13845.59
2576,72435.07
2577,3276.5349999999994
2578,5281.47
2579,6078.2
2580,3096.01
2581,2209.04
2582,4486.9
2583,4893.913333333334
2584,4529.42
2585,10055.58
2586,4701.21
2587,6763.05
2588,8514.19
2589,60267.18
2590,14401.7
2591,6045.515
2592,4084.34
2593,51792.94
2594,5960.37
2595,11613.83
2596,72935.91
2597,11276.18
2598,54108.36
2599,2833.92
2600,10076.38
2601,5313.57
2602,11955.16
2603,71838.965
2604,62085.7
2605,4452.04
2606,54689.19
2607,4667.31
2608,5240.59
2609,5684.54
2610,50327.69
2611,55983.0
2612,6699.24
2613,4371.78
2614,60688.99
2615,9631.42
2616,6164.87
2617,12090.11
2618,49553.0
2619,11167.36
2620,67336.78
2621,59209.47
2622,56183.48
2623,45795.34
2624,17000.33
2625,58575.58
2626,49613.0
2627,55005.05
2628,49811.47
2629,5214.7
2630,5695.67
2631,2962.0
2632,2979.1
2633,4553.89
2634,78606.1
2635,4956.116666666666
2636,41314.0
2637,6888.11
2638,58703.44
2639,60452.43
2640,4306.5
2641,5215.62
2642,4695.52
2643,9728.59
2644,41511.29
2645,1823.35
2646,11192.435
2647,8649.08
2648,10280.23
2649,22337.34
2650,76618.81
2651,2661.27
2652,54454.86
2653,5273.81
2654,7901.48
2655,2654.66
2656,37985.0
2657,9342.67
2658,4470.2
2659,7983.22
2660,11410.06
2661,9091.63
2662,12113.8
2663,51514.24
2664,60346.82
2665,57109.68
2666,10124.49
2667,2449.17
2668,6319.69
2669,1987.04
2670,55873.07
2671,5224.13
2672,4750.78
2673,50231.2
2674,49725.0
2675,51707.0
2676,5975.52
2677,3571.86
2678,7642.46
2679,11032.25
2680,11389.23
2681,46783.71600000001
2682,53714.45
2683,4954.8
2684,73161.73
2685,6302.77
2686,5741.93
2687,51359.8
2688,50137.76
2689,3063.6
2690,54026.78
2691,4763.09
2692,36373.0
2693,44410.56
2694,5683.35
2695,66965.6
2696,1930.56
2697,27913.95
2698,75173.18
2699,5786.86
2700,3774.93
2701,50851.0
2702,5330.64
2703,4808.77
2704,7123.77
2705,2341.13
2706,2346.23
2707,9635.91
2708,6035.25
2709,4459.78
2710,62785.61
2711,4566.65
2712,54684.0
2713,62132.49
2714,67336.78
2715,43319.02
2716,3585.98
2717,4188.53
2718,5410.86
2719,7871.29
2720,5499.22
2721,6884.8
2722,12207.795
2723,51985.88
2724,2608.35
2725,8429.31
2726,5988.1
2727,5638.47
2728,58161.81
2729,6417.093000000001
2730,57099.76
2731,5279.6425
2732,6373.003000000001
2733,5983.88
2734,11389.88
2735,6963.61
2736,5728.35
2737,6760.733333333333
2738,32300.12
2739,11429.68
2740,5039.63
2741,60025.81
2742,42381.63
2743,13199.04
2744,6705.71
2745,8922.7
2746,4763.33
2747,5372.52
2748,52139.1
2749,9214.57
2750,5077.731428571428
2751,6929.45
2752,7366.88
2753,70239.46
2754,4906.6775
2755,52168.97
2756,2412.655
2757,44612.52
2758,4237.83
2759,70590.99
2760,7010.7
2761,10560.27
2762,5246.95
2763,36577.76
2764,50384.78
2765,5612.24
2766,58182.94
2767,5368.3741666666665
2768,4046.05
2769,4652.69
2770,6844.45
2771,3666.89
2772,8594.34
2773,5052.83
2774,5295.42
2775,4900.14
2776,5214.4565
2777,6636.23
2778,60060.37
2779,5670.25
2780,3163.11
2781,5025.89
2782,63352.04
2783,3573.38
2784,5587.85
2785,3577.8004166666665
2786,14347.65
2787,8367.09
2788,8398.43
2789,4424.77
2790,49725.0
2791,33138.55
2792,46280.05
2793,8879.11
2794,8808.675
2795,72920.89
2796,20684.0
2797,6067.0
2798,63625.23
2799,4792.52
2800,56114.96
2801,76385.53
2802,82107.44
2803,5514.98
2804,12446.28
2805,64464.29
2806,2159.49
2807,6945.803095238095
2808,4606.36
2809,2489.44
2810,63666.29
2811,4778.1
2812,5052.7
2813,52396.3
2814,2594.33
2815,51984.77
2816,4249.01
2817,41787.11
2818,13979.16
2819,1638.1
2820,66972.03
2821,7107.79
2822,12233.09
2823,6675.12
2824,10127.24
2825,7763.67
2826,39830.63
2827,11528.97
2828,17991.42
2829,2968.96
2830,69456.78
2831,47373.11
2832,33049.47
2833,9265.05
2834,24078.4
2835,3549.63
2836,3096.0
2837,5556.97
2838,53312.74
2839,6485.76
2840,27493.3
2841,58186.03
2842,8265.86
2843,56813.56
2844,3980.35
2845,42534.22
2846,4490.55
2847,83583.82
2848,4606.47
2849,5079.97
2850,7170.05
2851,4614.87
2852,5825.44
2853,10994.94
2854,2488.44
2855,4052.02
2856,5150.29
2857,11578.8
2858,1337.96
2859,5749.06
2860,4303.03
2861,6688.55
2862,2458.81
2863,20741.12
2864,4359.94
2865,6212.92
2866,5282.61
2867,5431.35
2868,4477.82
2869,11094.02
2870,3159.59
2871,11175.78
2872,4232.8133333333335
2873,39321.0
2874,64994.75
2875,9716.39
2876,2410.23
2877,4286.97
2878,3392.32
2879,24056.0
2880,2124.0
2881,53044.33
2882,7891.97
2883,4278.99
2884,52000.96
2885,9606.87
2886,61381.6
2887,3850.08
2888,3789.38
2889,3458.995
2890,5960.05
2891,5696.28
2892,58684.47
2893,4891.13
2894,49815.86
2895,14180.58
2896,5388.8
2897,39661.77
2898,60602.3
2899,4056.16
2900,5690.5
2901,3462.46
2902,10622.91
2903,5572.56
2904,60094.69
2905,8155.06
2906,6158.17
2907,5193.5
2908,5882.22
2909,57252.54
2910,7353.296666666667
2911,4749.77
2912,51078.08
2913,49278.4825
2914,13654.68
2915,58122.39
2916,2417.87
2917,36886.16
2918,5497.71
2919,11782.92
2920,6378.3
2921,3101.1321666666668
2922,5162.38
2923,13810.64
2924,55726.31
2925,11392.37
2926,3848.37
2927,3247.54
2928,5116.75
2929,5289.75
2930,4964.4175
2931,4571.73
2932,6033.59
2933,2210.79
2934,77268.31
2935,2098.85
2936,12305.33
2937,5929.43
2938,54632.69
2939,11699.85
2940,4617.92
2941,7509.61
2942,11067.27
2943,66905.67666666667
2944,24056.0
2945,5780.48
2946,8914.389928571429
2947,9677.17
2948,4690.36
2949,5613.31
2950,38142.46
2951,43633.74
2952,7682.08
2953,43372.43
2954,4266.57
2955,8188.32
2956,32727.12
2957,4859.8675
2958,5749.81
2959,8585.1
2960,1997.52
2961,54804.04
2962,55865.26
2963,8531.28
2964,5596.0
2965,4508.45
2966,1984.49
2967,44069.81
2968,4542.69
2969,12014.92
2970,4008.78
2971,11693.11
2972,62032.68
2973,59072.84
2974,4071.56
2975,56054.43
2976,5677.09
2977,5794.56
2978,36525.58
2979,60031.21
2980,6274.95
2981,3895.04
2982,27716.41
2983,8035.77
2984,50874.54
2985,7579.68
2986,4221.16
2987,54571.88
2988,10121.62
2989,8675.23
2990,4401.0
2991,46704.76
2992,49613.0
2993,58102.76
2994,10855.42
2995,4365.83
2996,62686.11
2997,9698.42
2998,3083.7
2999,44677.49
3000,33454.07
3001,5144.083
3002,4301.91
3003,5879.97
3004,51558.03
3005,4540.74
3006,4358.686
3007,38833.41
3008,5303.73
3009,4355.84
3010,2049.15
3011,32923.0
3012,4492.78
3013,5674.01
3014,8195.4
3015,52608.91
3016,54393.97
3017,11323.34
3018,56008.16
3019,70076.27
3020,5587.19
3021,10240.01
3022,6306.39
3023,5601.14
3024,51790.33
3025,2152.55
3026,5433.12
3027,56565.52
3028,6415.4
3029,11590.28
3030,3514.71
3031,6754.17
3032,3374.36
3033,5190.28
3034,60881.32
3035,4886.69
3036,4183.54
3037,11548.93
3038,20684.0
3039,11443.67
3040,3977.77
3041,24869.36
3042,13961.08
3043,6609.05
3044,44955.32
3045,6082.93
3046,4847.79
3047,6254.17
3048,5881.1
3049,15995.6
3050,9054.070666666668
3051,3268.77
3052,23898.0
3053,6654.12
3054,67035.16
3055,4503.16
3056,52905.02
3057,4984.43
3058,48912.92
3059,2979.21
3060,64412.23
3061,2586.11
3062,54608.0
3063,65963.18
3064,4189.64
3065,4892.139166666666
3066,6339.04
3067,58770.65
3068,8771.33
3069,5783.56
3070,6377.91
3071,37341.99
3072,5765.92
3073,6269.64
3074,5834.5725
3075,62646.01
3076,4159.93
3077,38647.18
3078,4599.13
3079,5289.49
3080,1604.72
3081,40896.78
3082,5578.56
3083,49725.0
3084,5382.57
3085,17676.22
3086,63168.96
3087,2515.61
3088,6122.725
3089,56399.13
3090,12001.46
3091,53164.0
3092,3653.19
3093,45795.34
3094,4096.84
3095,65020.36
3096,5742.13
3097,7462.185
3098,5110.58
3099,54890.54
3100,5691.62
3101,6615.77
3102,49207.0
3103,4772.37
3104,50725.81
3105,3677.05
3106,13124.85
3107,3594.02
3108,10183.66
3109,65137.99
3110,4108.38
3111,6166.73
3112,52979.77
3113,4602.86
3114,6668.63
3115,49725.0
3116,11020.02
3117,2774.97
3118,24279.98
3119,68076.87
3120,3172.68
3121,43424.57
3122,6294.4
3123,5324.74
3124,8671.05
3125,7491.15
3126,8402.996666666668
3127,10456.26
3128,33956.85
3129,47344.56
3130,5748.98
3131,5467.9
3132,55419.98
3133,6684.09
3134,6042.69
3135,50207.99
3136,60973.3
3137,3792.62
3138,45655.07
3139,56788.57
3140,4046.03
3141,3148.88
3142,6224.23
3143,10717.6
3144,4863.06
3145,6623.94
3146,8647.33
3147,50629.4
3148,6743.93
3149,13719.54
3150,5885.5
3151,58557.99
3152,8150.9
3153,5508.94
3154,5908.66
3155,52058.06
3156,3320.29
3157,58553.76
3158,6102.82
3159,6004.01
3160,4013.74
3161,8284.98
3162,5582.47
3163,4879.4775
3164,41358.9
3165,48691.15
3166,6139.49
3167,6967.5
3168,5707.89
3169,59417.67
3170,5200.1
3171,4258.14
3172,49613.0
3173,5597.77
3174,4065.2
3175,2749.9
3176,13652.33
3177,36397.57
3178,6260.94
3179,58090.86
3180,45063.12
3181,7765.07
3182,60287.61
3183,60521.99
3184,4432.2
3185,7027.55
3186,2578.08
3187,55833.18
3188,6357.75
3189,8731.58
3190,23728.7
3191,5120.26
3192,50553.83
3193,59641.31
3194,45257.0
3195,20815.74
3196,8823.1
3197,52864.6
3198,5027.89
3199,7137.782666666667
3200,4086.42
3201,52133.28
3202,42365.95
3203,5657.27
3204,63448.4
3205,24769.53
3206,11941.94
3207,22550.32
3208,4804.32
3209,6698.51
3210,63604.33
3211,6703.47
3212,23963.92
3213,59039.3
3214,4425.04
3215,10139.94
3216,53352.11
3217,6032.7
3218,57156.91
3219,58923.73
3220,60978.0
3221,5423.28
3222,5042.24
3223,7455.77
3224,6571.86
3225,6879.8
3226,2124.0
3227,2556.55
3228,5939.56
3229,2620.41
3230,4895.13
3231,4919.48
3232,5919.79
3233,5044.19
3234,69797.84
3235,6695.24
3236,14923.86
3237,50935.95
3238,6003.15
3239,4135.23
3240,2604.21
3241,9382.84
3242,6712.79
3243,8328.0
3244,8842.056666666665
3245,71999.34
3246,8601.36
3247,54097.68
3248,54272.7
3249,51495.54
3250,5931.25
3251,69869.11
3252,4741.27
3253,5074.97
3254,5230.89
3255,4241.58
3256,5833.18
3257,11026.94
3258,5473.385
3259,9025.67
3260,4739.33
3261,6196.54
3262,52843.76
3263,14882.36
3264,43249.37
3265,4324.038333333333
3266,12751.73
3267,55915.35
3268,5913.64
3269,52663.16
3270,62055.3
3271,8042.41
3272,5391.096666666666
3273,4753.49
3274,40713.25
3275,57152.42
3276,49958.74
3277,3835.84
3278,2138.9933333333333
3279,7299.31
3280,5021.32
3281,5192.28
3282,5595.67
3283,4501.73
3284,6918.9125
3285,6500.58
3286,54925.01
3287,49701.94
3288,62038.65
3289,15669.78
3290,11128.76
3291,5963.67
3292,4287.43
3293,3338.4
3294,6282.52
3295,5016.81
3296,7589.19
3297,64879.5
3298,7830.14
3299,5434.94
3300,6973.18
3301,20959.86
3302,34005.8
3303,7706.02
3304,4879.27
3305,7717.55
3306,50484.61
3307,4198.16
3308,6642.29
3309,9886.19
3310,6300.12
3311,4499.67
3312,4868.13
3313,54608.0
3314,4230.51
3315,9887.88
3316,13879.47
3317,5073.0
3318,15968.22
3319,2941.23
3320,33020.6
3321,2430.8
3322,4743.78
3323,74128.35
3324,5478.885
3325,51707.0
3326,5247.073333333333
3327,6064.93
3328,53565.04
3329,17799.56
3330,4025.32
3331,4895.51
3332,4777.29
3333,41285.99
3334,52147.16
3335,66177.99
3336,49038.25
3337,53238.37
3338,65810.73
3339,38208.65
3340,57875.2
3341,2901.202
3342,10675.67
3343,41289.8
3344,5606.655
3345,30393.62
3346,9172.53
3347,5852.33
3348,8737.92
3349,41753.76
3350,54796.0
3351,2445.14
3352,2990.2
3353,5441.23
3354,34993.53
3355,4331.01
3356,15736.51
3357,5137.96
3358,54529.22
3359,2781.6
3360,5253.98
3361,45883.0
3362,4882.99
3363,75528.13
3364,5752.85
3365,24056.0
3366,5479.07
3367,4043.48
3368,6039.64
3369,38465.32
3370,41320.59
3371,2879.43
3372,4466.8
3373,5377.76
3374,13866.86
3375,5700.37
3376,4280.31
3377,53013.42
3378,7235.245
3379,9846.41
3380,5549.58
3381,52524.75
3382,30972.0
3383,6245.71
3384,8532.75
3385,6378.0
3386,29460.92
3387,45883.0
3388,2649.0
3389,5503.74
3390,14225.14
3391,58918.78
3392,7702.7
3393,36341.68
3394,2415.03
3395,5698.632083333334
3396,60840.36
3397,1642.05
3398,47592.52
3399,4231.17
3400,5261.79
3401,4736.58
3402,60456.69
3403,4616.42
3404,7710.74
3405,7483.19
3406,8099.08
3407,42260.42
3408,2957.1
3409,9025.21
3410,7603.0633333333335
3411,6077.57
3412,11248.71
3413,5924.75
3414,5303.32
3415,4457.91
3416,5060.06
3417,4075.14
3418,11986.12
3419,4871.99
3420,2133.99
3421,3991.62
3422,5415.17
3423,7612.6
3424,52026.46
3425,4978.91
3426,5084.89
3427,11613.61
3428,8185.95
3429,3712.7
3430,6375.24
3431,6268.32
3432,4963.51
3433,37169.59
3434,5264.16
3435,3304.81
3436,3834.28
3437,42352.52
3438,51583.37
3439,4800.97
3440,4468.04
3441,2328.95
3442,4877.18
3443,8515.18
3444,9176.56
3445,4940.77
3446,6827.09
3447,56662.1
3448,3929.32
3449,12666.98
3450,4625.62
3451,3755.0
3452,4887.42
3453,5650.28
3454,2325.37
3455,6318.149166666666
3456,7652.48
3457,8969.325
3458,4776.13
3459,2702.17
3460,3986.65
3461,10912.25
3462,60508.0
3463,11816.53
3464,7480.93
3465,3948.25
3466,3992.56
3467,49613.0
3468,3608.44
3469,2402.76
3470,8794.015
3471,62303.19
3472,4779.99
3473,57152.92
3474,4356.2765
3475,11675.82
3476,4074.04
3477,72392.68
3478,8249.68
3479,12370.2425
3480,5500.18
3481,53116.4
3482,6206.11
3483,3970.333
3484,9491.96
3485,46041.82
3486,47445.14
3487,12737.88
3488,44738.1
3489,4499.01
3490,6793.27
3491,4997.99
3492,38830.58
3493,2339.83
3494,61003.6
3495,6708.25
3496,1766.39
3497,6902.29
3498,31952.66
3499,13727.76
3500,3915.4
3501,6357.77
3502,8848.93
3503,9190.51
3504,60459.19
3505,9595.22
3506,6349.7
3507,6159.9
3508,4864.2
3509,9096.49
3510,7658.51
3511,11520.35
3512,5324.92
3513,56952.56
3514,57404.47
3515,5330.83
3516,3605.56
3517,6460.39
3518,7642.66
3519,55342.13
3520,5412.79
3521,28544.52
3522,3863.215
3523,59516.83
3524,39488.53
3525,55016.16
3526,5373.97
3527,5279.99
3528,58831.56
3529,15250.61
3530,8175.74
3531,3660.49
3532,59333.99
3533,59615.75
3534,15673.01
3535,2478.456666666667
3536,6181.56
3537,4482.175
3538,69370.1
3539,59396.21
3540,57169.76
3541,11814.417666666666
3542,6037.305
3543,43414.06
3544,4176.46
3545,51647.17
3546,67221.08
3547,9107.56
3548,5485.8
3549,5566.585
3550,63126.82
3551,46636.74
3552,4294.92
3553,6045.08
3554,5365.416904761905
3555,6259.87
3556,47035.2
3557,8654.26
3558,63181.14
3559,5399.55
3560,7980.17
3561,4568.71
3562,6658.61
3563,49613.0
3564,13199.45
3565,45470.2
3566,5578.94
3567,5123.68
3568,11463.6
3569,11822.71
3570,59815.92
3571,5948.91
3572,1776.12
3573,5118.39
3574,4588.965999999999
3575,13157.91
3576,48043.56
3577,11245.83
3578,14086.33
3579,3165.038
3580,6335.02
3581,3991.49
3582,45754.45
3583,51707.0
3584,5669.66
3585,2110.09
3586,58915.62
3587,7588.69
3588,87972.62
3589,3528.16
3590,36294.24
3591,5750.58
3592,6007.42
3593,14835.63
3594,5197.35
3595,2533.66
3596,5995.2
3597,4316.35
3598,6463.745
3599,9764.63719047619
3600,6441.07
3601,6907.81
3602,59781.37
3603,4935.95
3604,6790.22
3605,56588.0
3606,25923.1
3607,6080.39
3608,58942.55
3609,6908.32
3610,52672.86
3611,18418.23
3612,54107.42
3613,4245.91
3614,55874.02
3615,51499.74
3616,61373.63
3617,5809.62
3618,5599.95
3619,7473.96
3620,7694.9
3621,4978.44
3622,63938.46
3623,57445.94
3624,60076.52
3625,6088.61
3626,67277.6
3627,60883.7
3628,9167.095
3629,62302.315
3630,70476.88
3631,3841.09
3632,5234.733333333334
3633,63010.21
3634,4317.38
3635,12261.2
3636,30319.91
3637,5728.82
3638,49674.69
3639,7055.71
3640,7605.69
3641,57413.83
3642,9343.2
3643,41094.8
3644,41904.79
3645,11248.53
3646,8511.711666666668
3647,61294.34
3648,2949.23
3649,3808.04
3650,64563.86
3651,10097.86
3652,8175.157000000001
3653,12353.74
3654,52220.01
3655,64196.23
3656,44528.8
3657,24351.42
3658,4244.99
3659,7969.46
3660,10082.64
3661,4648.14
3662,27804.42
3663,6879.16
3664,31922.95
3665,5826.68
3666,43157.5425
3667,53077.3
3668,5794.326
3669,64215.24
3670,5261.73
3671,52087.08
3672,5581.78
3673,3423.81
3674,60367.89
3675,7683.2
3676,6031.39
3677,7916.03
3678,57195.04
3679,4760.38
3680,7339.04
3681,6386.66
3682,4302.05
3683,5375.59
3684,4730.68
3685,3009.96
3686,5811.66
3687,10676.0
3688,61916.51
3689,9694.8
3690,5471.34
3691,4473.74
3692,58578.5
3693,6383.75
3694,2470.2
3695,7135.23
3696,69708.704
3697,3535.13
3698,7735.18
3699,52905.87
3700,8550.24
3701,5785.4
3702,4871.0
3703,4906.19
3704,5873.08
3705,5643.4
3706,2220.16
3707,14096.53
3708,3513.68
3709,8409.052857142857
3710,7190.81
3711,5951.62
3712,9162.78
3713,52168.97
3714,2586.69
3715,4858.4
3716,49725.0
3717,31671.02
3718,4566.59
3719,8559.45
3720,37546.97
3721,4357.25
3722,7362.74
3723,4299.58
3724,6308.16
3725,6093.91
3726,39110.046
3727,13882.45
3728,3791.59
3729,42347.68
3730,4858.35
3731,45883.0
3732,5973.61
3733,3391.97
3734,6877.33
3735,5682.52
3736,54684.0
3737,13299.81
3738,60224.96
3739,51707.0
3740,5758.63
3741,11905.13
3742,8764.14
3743,9243.84
3744,4640.95
3745,52835.28
3746,5074.86
3747,5226.81
3748,10721.87
3749,8923.87
3750,6451.34
3751,6597.825
3752,39646.01
3753,6338.54
3754,64950.2
3755,66587.6
3756,62503.62
3757,5233.043666666667
3758,9163.99
3759,6128.4
3760,46220.19
3761,2561.08
3762,5498.79
3763,7231.3
3764,28736.61
3765,5271.37
3766,6733.63
3767,3641.45
3768,2836.68
3769,31830.55
3770,51542.74
3771,7338.92
3772,9236.89
3773,5192.5
3774,6584.29
3775,13035.51
3776,4182.407666666666
3777,53116.4
3778,10279.8425
3779,60479.84
3780,6898.58
3781,51595.0
3782,2930.03
3783,7038.67
3784,66936.36666666667
3785,3057.47
3786,5733.69
3787,4864.96
3788,62823.08
3789,4913.88
3790,5961.92
3791,75728.3
3792,3752.945
3793,7033.91
3794,6035.56
3795,2680.58
3796,5796.19
3797,10315.16
3798,56667.8
3799,65971.53111111111
3800,5543.44
3801,6348.630571428573
3802,54239.88
3803,3955.94
3804,4394.32
3805,4661.35
3806,2126.1
3807,10502.7
3808,4688.02
3809,5093.85
3810,7673.12
3811,10224.71
3812,4484.54
3813,4258.75
3814,5232.53
3815,4685.86
3816,5283.45
3817,12488.5
3818,4539.75
3819,4595.84
3820,56590.0
3821,67899.72
3822,14850.99
3823,18208.122000000003
3824,12108.09
3825,4529.83
3826,10140.06
3827,2786.9125
3828,61931.66
3829,7337.93
3830,54687.41
3831,73224.91
3832,52063.0
3833,5236.95
3834,4596.98
3835,59991.17
3836,33527.44
3837,64640.21
3838,47579.35
3839,4117.99
3840,2140.1966666666667
3841,4431.1
3842,32906.99
3843,8779.93
3844,56275.61
3845,53297.96
3846,4029.37
3847,5105.763333333333
3848,56344.48
3849,3944.21
3850,4326.94
3851,3444.36
3852,2269.89
3853,62574.16
3854,2250.0
3855,4075.64
3856,41770.32
3857,39754.23
3858,27864.0
3859,11376.267999999998
3860,49786.86
3861,4533.81
3862,13140.54
3863,62420.54
3864,5204.93
3865,8913.42
3866,4544.26
3867,31823.65
3868,45838.55
3869,5245.16
3870,4074.1
3871,4491.34
3872,3029.48
3873,54687.41
3874,3675.57
3875,11307.02
3876,4717.8533333333335
3877,43183.797999999995
3878,5147.663333333333
3879,5787.31
3880,4365.09
3881,2723.43
3882,59554.87
3883,4356.99
3884,12207.76
3885,61740.63
3886,3262.72
3887,5933.56
3888,74231.97166666666
3889,36577.0
3890,7484.1
3891,60585.99
3892,56839.08
3893,5983.53
3894,73827.4
3895,3286.07
3896,12091.9
3897,5502.62
3898,63801.18
3899,6324.0
3900,11339.09
3901,5586.44
3902,29544.62
3903,4728.48
3904,6663.88
3905,68105.38
3906,4246.11
3907,75879.04
3908,57042.03
3909,18257.81
3910,40118.22
3911,9372.96
3912,56217.39
3913,54443.31
3914,9523.34
3915,22140.0
3916,4387.09
3917,3600.14
3918,12943.84
3919,4501.57
3920,4335.92
3921,3513.23
3922,9259.93
3923,6894.11
3924,56124.58
3925,4646.64
3926,61829.61
3927,5746.46
3928,5429.23
3929,43344.06
3930,5235.836499999999
3931,3421.23
3932,3615.9
3933,52930.59
3934,58851.15
3935,2475.63
3936,82557.97
3937,11885.48
3938,2851.4559999999997
3939,52402.165
3940,14310.64
3941,6271.59
3942,66877.97
3943,7347.8
3944,5803.76
3945,6655.53
3946,51932.83
3947,44608.8
3948,48582.09
3949,11596.23
3950,5686.41
3951,10686.68
3952,53756.07
3953,4184.77
3954,32084.84
3955,4500.0
3956,33038.56
3957,60671.22
3958,62040.16
3959,7824.31
3960,4706.767
3961,2617.24
3962,8771.219333333334
3963,4834.98
3964,49702.21
3965,61021.97
3966,3996.25
3967,55470.31
3968,31982.31
3969,5646.8
3970,4204.5
3971,4555.06
3972,6021.63
3973,6780.86
3974,45201.856
3975,6117.55
3976,12922.08
3977,5982.375
3978,3970.84
3979,4806.92
3980,61999.41
3981,3298.0
3982,5537.66
3983,5894.61
3984,49576.44
3985,64686.96
3986,65479.54
3987,63313.7
3988,4551.351
3989,3028.29
3990,77577.44
3991,5170.61
3992,6175.28
3993,60410.08
3994,5637.69
3995,11320.72
3996,7158.1
3997,5614.93
3998,70072.01
3999,5042.52
4000,12056.61
4001,6030.05
4002,62701.99
4003,5146.96
4004,12453.26
4005,3287.52
4006,8168.93
4007,53209.0
4008,6629.74
4009,56683.32
4010,54893.07
4011,61250.97
4012,62210.15
4013,8963.04
4014,59265.48333333334
4015,6122.53
4016,3368.0
4017,4436.05
4018,8625.41
4019,4807.59
4020,55575.32
4021,22275.2
4022,10061.35
4023,5608.65
4024,11406.25
4025,62801.39
4026,13274.27
4027,36213.59
4028,42180.1
4029,2680.96
4030,6595.426666666667
4031,66303.81
4032,54684.0
4033,48901.74
4034,1925.52
4035,2339.0
4036,54160.88
4037,54684.0
4038,4013.96
4039,6481.69
4040,8326.22
4041,4767.43
4042,9808.3
4043,5554.3
4044,6724.88
4045,7583.65
4046,6886.34
4047,56368.1
4048,5302.48
4049,8112.21
4050,60396.0
4051,54608.0
4052,10673.79
4053,61335.26
4054,49301.45
4055,59415.81
4056,4874.067
4057,2321.77
4058,7003.0
4059,3706.07
4060,7101.55
4061,32732.45
4062,2484.98
4063,60978.0
4064,8599.54
4065,7358.65
4066,52054.72
4067,5568.04
4068,11425.98
4069,5626.59
4070,38051.44
4071,2842.72
4072,55572.87
4073,61240.23
4074,14395.41
4075,4162.28
4076,10614.085714285713
4077,65832.0
4078,49553.0
4079,5567.68
4080,69603.39
4081,4477.44
4082,31453.81
4083,6340.356666666667
4084,56980.26
4085,59884.62
4086,4997.8
4087,4724.247666666666
4088,43853.79
4089,2553.38
4090,53356.88
4091,3371.54
4092,6550.67
4093,53549.22
4094,54835.48
4095,45243.89
4096,9768.13
4097,6271.87
4098,10200.67
4099,39159.74
4100,8011.77
4101,44348.44
4102,5350.2
4103,9162.735
4104,4752.46
4105,6001.51
4106,57418.34
4107,15681.49
4108,5175.48
4109,5384.51
4110,5972.35
4111,12696.43
4112,2436.02
4113,13694.41
4114,4358.51
4115,2514.73
4116,4452.91
4117,5121.09
4118,5662.44
4119,4919.48
4120,57109.68
4121,5568.56
4122,11533.74
4123,10848.48
4124,5018.57
4125,5513.98
4126,8418.54
4127,4928.77
4128,5209.37
4129,6420.72
4130,15350.41
4131,79559.24
4132,40670.55
4133,5362.16
4134,3131.75
4135,4931.81
4136,4008.76
4137,8134.58
4138,5394.57
4139,2068.26
4140,3418.88
4141,60508.0
4142,6503.6
4143,5124.69
4144,7981.26
4145,8602.8
4146,6250.84
4147,5287.258333333332
4148,52530.36
4149,56305.86
4150,12417.72
4151,21066.61
4152,76079.04
4153,13616.13
4154,53563.29
4155,60720.4
4156,39682.69
4157,2602.03
4158,39646.01
4159,3489.1
4160,7718.98
4161,63452.54
4162,4106.21
4163,12034.06
4164,30731.75
4165,4937.98
4166,6395.55
4167,7212.85
4168,7211.13
4169,6614.84
4170,34740.44
4171,6211.21
4172,3586.25
4173,5090.59
4174,6703.72
4175,51998.11
4176,38683.8
4177,6792.22
4178,3449.69
4179,51707.0
4180,72934.96
4181,42276.92
4182,51707.0
4183,7564.84
4184,56416.6
4185,4164.23
4186,6393.09
4187,11945.79
4188,45564.34
4189,4713.77
4190,57294.885
4191,49738.81
4192,4469.91
4193,4619.15
4194,1813.73
4195,10780.72
4196,60330.62
4197,5829.85
4198,19542.78
4199,6483.87
4200,5556.3
4201,61076.2
4202,1880.85
4203,56163.1
4204,2410.0
4205,7472.89
4206,52087.08
4207,47757.41
4208,62341.07
4209,4518.159000000001
4210,6144.29
4211,4499.0
4212,8756.37
4213,47274.32
4214,54766.16
4215,6297.04
4216,7415.66
4217,5062.85
4218,4090.89
4219,3115.05
4220,2900.45
4221,1807.46
4222,50360.6
4223,6887.03
4224,6663.25
4225,53847.71
4226,61633.61
4227,60978.0
4228,9083.43
4229,6550.5
4230,5276.35
4231,29931.96
4232,4101.575
4233,6262.6
4234,65285.15
4235,4500.0
4236,50813.47
4237,4890.71
4238,38619.63
4239,4542.25
4240,54053.92
4241,45035.16
4242,3133.21
4243,53656.21
4244,55983.0
4245,3894.0033333333336
4246,55465.73
4247,58384.02
4248,5570.56
4249,5448.7
4250,8930.32
4251,13629.69
4252,5612.64
4253,4192.06
4254,64181.99
4255,3409.58
4256,45295.0925
4257,46007.72
4258,5291.88
4259,5134.92
4260,6271.27
4261,3011.1
4262,22152.0
4263,3239.97
4264,5433.05
4265,6250.84
4266,6371.12
4267,51223.75
4268,5166.7
4269,5572.97
4270,5663.36
4271,24313.79
4272,11565.13
4273,3339.65
4274,51707.0
4275,4827.47
4276,38299.56
4277,59000.84
4278,12039.3
4279,55587.87333333334
4280,54574.68
4281,11811.96
4282,67599.51
4283,4469.73
4284,6616.42
4285,2425.47
4286,54684.0
4287,63105.48
4288,6695.79
4289,2362.66
4290,10123.65
4291,45025.27
4292,5411.65
4293,11041.0
4294,7583.47
4295,39038.67
4296,64985.6
4297,7032.647
4298,4117.74
4299,29093.32
4300,4235.79
4301,72193.26
4302,5338.41
4303,5328.75
4304,61504.5
4305,7231.02
4306,57496.96
4307,4041.12
4308,56702.78
4309,6136.018333333333
4310,4222.51
4311,6313.34
4312,4108.84
4313,3499.26
4314,4058.1
4315,3841.67
4316,2039.89
4317,6613.3
4318,11013.31
4319,9920.854166666666
4320,63204.27
4321,7464.215
4322,5061.6
4323,46157.36
4324,55501.32
4325,5551.77
4326,7870.45
4327,4441.21
4328,9014.32
4329,62488.66
4330,5643.47
4331,60489.75
4332,3841.19
4333,5641.64
4334,55983.0
4335,53428.64
4336,7680.3
4337,3181.13
4338,3887.86
4339,3818.6840000000007
4340,52240.27
4341,68887.16
4342,7135.935
4343,51006.25
4344,4292.546666666667
4345,3245.77
4346,4819.72
4347,5782.73
4348,5080.37
4349,4318.596
4350,10184.56
4351,7219.09
4352,5130.9
4353,2452.03
4354,45483.5
4355,3551.17
4356,6789.48
4357,9744.22
4358,4518.47
4359,1748.45
4360,64409.36
4361,2185.19
4362,2381.11
4363,13813.84
4364,6569.08
4365,8898.17
4366,4934.87
4367,56685.29
4368,2660.53
4369,4005.51
4370,4435.18
4371,4551.62
4372,17403.2
4373,6049.61
4374,4414.33
4375,64939.77
4376,48298.61
4377,4864.87
4378,45807.7
4379,5628.93
4380,39435.45
4381,50932.25
4382,5118.69
4383,7291.8
4384,5619.43
4385,23817.9
4386,10621.98
4387,45693.0
4388,8363.445
4389,6474.7
4390,4793.05
4391,10106.38
4392,55902.12
4393,39856.26
4394,49613.0
4395,17801.92
4396,5513.52
4397,5988.42
4398,6213.81
4399,8883.345
4400,32810.25
4401,7267.66
4402,82476.82
4403,47900.57
4404,7362.3
4405,13165.61
4406,13841.39
4407,6008.82
4408,8215.55
4409,17336.12
4410,6388.35
4411,4926.15
4412,7864.2
4413,3317.61
4414,71864.4
4415,10936.58
4416,13249.02
4417,57256.05
4418,5246.17
4419,6570.29
4420,3484.79
4421,6058.63
4422,5490.78
4423,53873.16
4424,5741.485
4425,53179.77
4426,10458.52
4427,1914.28
4428,56100.7
4429,4341.37
4430,5556.19
4431,6736.561666666667
4432,7939.14
4433,32670.16
4434,5947.325
4435,61074.96
4436,14184.07
4437,4793.79
4438,6075.2863333333335
4439,5497.59
4440,49613.0
4441,41285.99
4442,4627.57
4443,5677.95
4444,6746.505
4445,7910.93
4446,6988.7
4447,8474.04
4448,4372.83
4449,5079.58
4450,10822.4
4451,4022.59
4452,60524.32
4453,1979.56
4454,11306.32
4455,3921.47
4456,5807.93
4457,2535.85
4458,6707.15
4459,9818.32
4460,6398.79
4461,7415.52
4462,5348.67
4463,5738.35
4464,11636.83
4465,4977.79
4466,60497.39
4467,5303.65
4468,5704.33
4469,14120.3
4470,59785.76
4471,61387.29
4472,55093.72
4473,60396.0
4474,7106.16
4475,3635.1
4476,7770.34
4477,5177.62
4478,33173.75
4479,12840.53
4480,64636.81
4481,3466.327
4482,3550.37
4483,3763.42
4484,5736.53
4485,22376.7
4486,45693.0
4487,4068.38
4488,3385.0075
4489,2351.15
4490,4448.49
4491,3912.92
4492,7625.56
4493,2594.91
4494,4482.24
4495,10248.84
4496,8155.47
4497,14667.38
4498,6850.78
4499,55914.86
4500,3299.84
4501,5932.7475
4502,6478.79
4503,5931.09
4504,10847.54
4505,7221.79
4506,46918.22
4507,7527.3
4508,3865.4
4509,7813.49
4510,5005.9
4511,53044.93
4512,3965.24
4513,4398.71
4514,45693.0
4515,4808.44
4516,49632.41
4517,4104.86
4518,4321.75
4519,5512.07
4520,56072.6
4521,6033.12
4522,30056.49
4523,5627.28
4524,5684.91
4525,59515.65
4526,3636.54
4527,45095.61
4528,62679.98
4529,61423.04
4530,5376.23
4531,56643.68
4532,2680.02
4533,5355.7
4534,56719.18
4535,51975.08
4536,6545.56
4537,4048.16
4538,44947.76
4539,3926.3
4540,5788.193333333334
4541,46358.38
4542,5987.02
4543,5995.04
4544,27864.0
4545,9742.97
4546,56184.78
4547,10360.07
4548,10403.31
4549,11274.95
4550,2494.33
4551,5348.16
4552,51898.38
4553,6701.69
4554,60512.39
4555,6297.0
4556,11035.74
4557,6906.75
4558,63497.05
4559,10183.7
4560,1755.79
4561,4648.926666666667
4562,44956.11
4563,4480.91
4564,4846.12
4565,54836.155
4566,5246.33
4567,50924.67
4568,4380.35
4569,15617.15
4570,4503.44
4571,3456.28
4572,6775.15
4573,20760.0
4574,4698.75
4575,16216.53
4576,4924.73
4577,4013.69
4578,52305.86
4579,6442.33
4580,8115.77
4581,57858.18
4582,6080.3
4583,4388.51
4584,5420.093333333334
4585,3586.72
4586,13077.61
4587,5168.78
4588,5534.98
4589,9850.91
4590,50358.27
4591,52799.32
4592,2275.19
4593,4864.51
4594,9101.64
4595,4463.015
4596,2602.1169999999997
4597,4722.22
4598,6097.82
4599,2481.02
4600,4329.94
4601,4203.66
4602,6491.74
4603,4324.981666666667
4604,5215.49
4605,5661.67
4606,28060.45
4607,2521.66
4608,12488.88
4609,4235.47
4610,10326.83
4611,24019.0
4612,3372.41
4613,5025.23
4614,8504.493333333334
4615,67016.17
4616,15456.59
4617,46034.35
4618,5420.11
4619,6953.903452380951
4620,62259.88
4621,1796.69
4622,14246.86
4623,11055.88
4624,6247.68
4625,7870.59
4626,8460.12
4627,4456.35
4628,7943.33
4629,2799.46
4630,6289.53
4631,5036.27
4632,6998.17
4633,48365.83
4634,65723.71
4635,2253.36
4636,5938.67
4637,7776.95
4638,5598.95
4639,2911.87
4640,3564.4
4641,20741.12
4642,6248.93
4643,4243.4
4644,5539.55
4645,6302.28
4646,61841.71
4647,5363.98
4648,72019.3
4649,60508.0
4650,12294.51
4651,5874.66
4652,5641.45
4653,4386.62
4654,2120.16
4655,12995.98
4656,2249.31
4657,56686.55
4658,9775.21
4659,8763.801666666666
4660,5154.64
4661,38533.75
4662,5672.576999999999
4663,4894.98
4664,56069.59
4665,55677.6
4666,5163.23
4667,6656.86
4668,65718.28
4669,3185.65
4670,45693.0
4671,45142.76
4672,20829.42
4673,2907.68
4674,3365.09
4675,4575.14
4676,5392.19
4677,5747.78
4678,60277.29
4679,5531.17
4680,66748.89
4681,67160.0
4682,4244.06
4683,11013.32
4684,7101.96
4685,12990.58
4686,55561.18
4687,4647.33
4688,14592.07
4689,4997.78
4690,55137.01
4691,1919.93
4692,4714.12
4693,60563.92
4694,41064.0
4695,5883.51
4696,60902.5
4697,12738.84
4698,14132.68
4699,5273.88
4700,6975.6
4701,60956.46
4702,70276.48
4703,3353.31
4704,48404.48
4705,4421.78
4706,7735.74
4707,11025.22
4708,5261.478333333333
4709,49673.96
4710,12436.27
4711,5849.088571428571
4712,9505.3
4713,4679.7
4714,44272.48
4715,5957.97
4716,5895.09
4717,12922.09
4718,11998.0
4719,3901.495
4720,4379.48
4721,24444.93
4722,5233.57
4723,4537.65
4724,11741.986
4725,12158.6
4726,7275.0
4727,56420.44
4728,4697.58
4729,60553.51
4730,10660.07
4731,8359.978000000001
4732,5909.48
4733,4934.98
4734,2837.89
4735,5259.88
4736,5243.5
4737,2764.44
4738,4619.06
4739,60903.03
4740,5676.82
4741,62711.93
4742,50944.51
4743,4499.98
4744,56294.89
4745,45702.44
4746,20684.0
4747,6955.37
4748,46109.55
4749,11164.32
4750,4023.06
4751,49725.0
4752,7128.47
4753,6991.22
4754,5480.09
4755,55314.28
4756,5963.42
4757,7463.32
4758,5498.7
4759,2405.6
4760,34530.64
4761,14109.16
4762,2716.8
4763,2868.28
4764,5995.31
4765,6880.615
4766,40796.45
4767,30057.13
4768,4856.94
4769,5696.04
4770,56464.99
4771,3388.66
4772,8896.5
4773,8123.58
4774,19253.47
4775,12792.66
4776,4848.24
4777,3274.98
4778,5485.28
4779,3969.75
4780,3241.025
4781,5576.850666666668
4782,4659.555
4783,5112.43
4784,5266.8
4785,11224.42
4786,60396.0
4787,3660.22
4788,13974.02
4789,6346.31
4790,5111.03
4791,5887.3
4792,3797.56
4793,4600.63
4794,5516.11
4795,55308.21
4796,4848.48
4797,52295.5
4798,5915.15
4799,67857.0
4800,11449.55
4801,2733.59
4802,54608.0
4803,3904.87
4804,9364.3
4805,6109.0
4806,38865.56
4807,55735.97
4808,52051.86833333334
4809,3189.473333333334
4810,75842.41
4811,5806.39
4812,8605.34
4813,20741.52
4814,11389.1
4815,2527.73
4816,3217.3
4817,6452.7
4818,8341.19
4819,14300.74
4820,63549.26
4821,6160.91
4822,55382.865999999995
4823,11720.975
4824,61321.76
4825,4255.785
4826,3942.74
4827,8341.63
4828,2070.33
4829,7443.52
4830,6778.62
4831,55647.88
4832,4659.79
4833,51989.69333333333
4834,8873.46
4835,64809.55
4836,2064.36
4837,4440.61
4838,6512.285
4839,10943.22
4840,61191.15
4841,71129.12
4842,9871.09
4843,5399.9975
4844,11376.73
4845,39908.94
4846,6186.86
4847,4623.495
4848,65098.79
4849,48105.0
4850,64670.6
4851,59687.42
4852,51532.17
4853,4845.93
4854,9048.26
4855,52480.64
4856,6785.54
4857,38679.84
4858,5381.97
4859,2681.1225
4860,4206.78
4861,6333.85
4862,47577.72
4863,4939.64
4864,3666.383333333333
4865,11571.21
4866,8298.89
4867,5512.23
4868,7865.245
4869,65099.14
4870,52373.91
4871,60246.76
4872,10478.135
4873,3884.39
4874,11879.97
4875,4289.98
4876,3430.46
4877,5905.8
4878,4883.44
4879,4603.33
4880,5795.99
4881,4777.35
4882,8339.6
4883,6851.22
4884,5328.78
4885,3762.87
4886,4136.91
4887,6071.37
4888,2966.18
4889,5389.2
4890,6940.19
4891,8211.005666666666
4892,5451.15
4893,14452.37
4894,12037.05
4895,7367.853333333333
4896,9799.46
4897,32736.06
4898,2975.47
4899,25126.37
4900,41173.76
4901,45693.0
4902,34825.21
4903,7345.7266666666665
4904,55488.71666666666
4905,39282.84
4906,4789.55
4907,56037.38
4908,2321.53
4909,9446.4
4910,5758.87
4911,4876.34
4912,5921.48
4913,6166.06
4914,3933.36
4915,11532.87
4916,3530.9421666666667
4917,4083.97
4918,4968.53
4919,2817.71
4920,47163.69
4921,58303.34
4922,2677.61
4923,4647.22
4924,20124.4
4925,4714.33
4926,3794.42
4927,66869.26
4928,38292.75
4929,86460.71
4930,4585.8335
4931,5870.08
4932,5314.21
4933,8654.08
4934,49725.0
4935,3773.85
4936,56419.81
4937,3906.58
4938,6514.47
4939,4948.23
4940,61170.2
4941,2417.46
4942,5847.07
4943,5502.665
4944,5732.96
4945,5515.71
4946,8085.19
4947,4983.38
4948,3086.25
4949,64351.52
4950,4498.04
4951,5957.64
4952,62261.16
4953,12424.28
4954,5198.76
4955,22303.18
4956,3919.4
4957,38445.26
4958,3805.1
4959,4272.09
4960,10555.88
4961,4787.98
4962,9409.4
4963,4489.321428571428
4964,23983.24
4965,38836.3
4966,4550.35
4967,10715.86
4968,61550.42
4969,9298.76
4970,2966.71
4971,6599.56
4972,6160.95
4973,1934.16
4974,5670.69
4975,3120.8140000000003
4976,10585.79
4977,2357.8
4978,59857.39
4979,7093.257
4980,5741.8
4981,12899.6
4982,3406.44
4983,4355.92
4984,1630.31
4985,6345.03
4986,6221.86
4987,7155.99
4988,5779.64
4989,4528.45
4990,13991.79
4991,15449.36
4992,63133.51
4993,45367.73
4994,10845.87
4995,10704.67
4996,24470.96
4997,5994.06
4998,62003.42
4999,56683.04333333333
5000,11484.57
5001,6343.36
5002,4856.95
5003,4651.88
5004,4328.66
5005,6616.01
5006,5488.95
5007,6506.418333333334
5008,4414.26
5009,4818.02
5010,11088.65
5011,4058.41
5012,5062.25
5013,10213.54
5014,11445.15
5015,5381.82
5016,7286.13
5017,3993.506
5018,69838.87
5019,6386.88
5020,3989.715
5021,6709.38
5022,7032.26
5023,59929.38
5024,9219.22
5025,52277.33
5026,4312.38
5027,4737.91
5028,58591.66
5029,2584.38
5030,5271.59
5031,4905.71
5032,9975.1
5033,20999.52
5034,3290.44
5035,4587.74
5036,36429.13
5037,9925.2
5038,40279.64
5039,2255.96
5040,62223.04
5041,5736.19
5042,6032.163333333334
5043,13510.97
5044,5431.9
5045,60946.78
5046,61238.24
5047,5111.07
5048,52651.59
5049,49673.96
5050,69262.27
5051,10961.63
5052,11411.09
5053,18208.122000000003
5054,61426.99
5055,6640.54
5056,1738.03
5057,62207.12
5058,4158.7
5059,3084.93
5060,5102.48
5061,59913.59
5062,4928.44
5063,52254.99
5064,4574.3279999999995
5065,62593.79
5066,27913.95
5067,5208.32
5068,49883.82
5069,15274.08
5070,4635.4155
5071,6500.85
5072,60873.08
5073,54015.26
5074,5479.68
5075,5852.41
5076,4714.31
5077,44353.15
5078,5123.48
5079,55954.56
5080,3623.41
5081,8540.62
5082,3345.9291666666663
5083,50263.82
5084,60347.38
5085,4201.15
5086,6933.663333333334
5087,7502.34
5088,5242.51
5089,5108.13
5090,59230.52
5091,3765.43
5092,54914.21
5093,5957.4
5094,32871.05
5095,4323.49
5096,6515.49
5097,2223.4816666666666
5098,57649.62
5099,51976.35
5100,39583.66
5101,5253.14
5102,39933.95
5103,5301.74
5104,4341.39
5105,12713.86
5106,5776.5
5107,4624.0475
5108,13704.32
5109,5637.43
5110,3862.31
5111,64096.43
5112,55895.38
5113,66903.5
5114,61867.79
5115,52836.84
5116,6607.96
5117,5409.6375
5118,13009.9425
5119,8477.51
5120,41329.25
5121,4687.89
5122,74070.915
5123,45883.0
5124,4979.36
5125,38623.35
5126,9654.66
5127,8120.92
5128,22152.0
5129,4544.8
5130,54940.28
5131,41422.19
5132,6001.03
5133,57260.72
5134,7498.64
5135,44313.67
5136,3046.9
5137,55377.0
5138,5312.73
5139,11078.44
5140,5868.009
5141,4487.3
5142,68345.27
5143,10413.85
5144,10026.52
5145,45693.0
5146,45914.17
5147,56123.28833333334
5148,44969.53
5149,49079.91
5150,65036.38
5151,8098.3925
5152,5451.19
5153,53743.0
5154,6262.87
5155,7994.15
5156,45269.48
5157,2802.34
5158,6138.15
5159,5956.44
5160,60395.32
5161,3381.77
5162,5360.5
5163,4962.56
5164,5177.02
5165,5716.08
5166,5392.66
5167,54379.69
5168,71406.18
5169,7399.58
5170,2794.98
5171,7115.63
5172,52735.41
5173,4480.55
5174,50521.6
5175,6604.306
5176,54910.43
5177,17822.61
5178,2495.85
5179,6768.8
5180,6489.88
5181,63142.86
5182,4517.51
5183,13388.49
5184,8157.919047619049
5185,2422.05
5186,41185.63
5187,5620.39
5188,56987.17
5189,2978.51
5190,1937.29
5191,3188.42
5192,12654.51
5193,5350.3
5194,56381.16
5195,11216.63
5196,49050.92
5197,7267.8
5198,5922.13
5199,54439.06
5200,43910.0
5201,5969.68
5202,3365.06
5203,4032.47
5204,54572.94
5205,1928.19
5206,5775.68
5207,7068.4
5208,5579.54
5209,5908.06
5210,2173.48
5211,57671.23
5212,5813.64
5213,65486.29
5214,19129.49
5215,7761.48
5216,5769.83
5217,5319.62
5218,2344.985
5219,2673.8
5220,42141.66
5221,60978.0
5222,4409.68
5223,5236.13
5224,4397.29
5225,8817.35
5226,4321.75
5227,3595.1375
5228,72503.15
5229,5253.48
5230,43918.97
5231,58951.52
5232,2955.96
5233,5426.06
5234,6414.85
5235,8251.27
5236,10328.76
5237,51595.0
5238,9754.03
5239,52123.2
5240,4855.68
5241,4161.96
5242,12195.45
5243,2535.74
5244,3654.98
5245,4118.73
5246,6549.81
5247,6790.09
5248,2358.25
5249,59911.25
5250,5345.578
5251,10524.11
5252,10870.57
5253,11441.32
5254,4640.22
5255,6484.97
5256,5468.31
5257,50258.12
5258,7055.07
5259,60112.99
5260,10447.97
5261,52598.87
5262,5001.35
5263,3004.57
5264,6175.51
5265,59211.75
5266,12386.05
5267,7141.94
5268,61576.32
5269,4129.42
5270,4044.29
5271,53645.0
5272,19311.91
5273,5804.075
5274,5462.18
5275,45504.57
5276,5463.03
5277,5163.87
5278,7308.85
5279,61260.36
5280,6023.51
5281,37437.59
5282,5199.04
5283,3004.51
5284,4031.34
5285,5495.63
5286,6020.34
5287,8796.335
5288,3865.9
5289,11748.84
5290,21669.69
5291,5547.81
5292,46669.15
5293,5849.42
5294,2601.32
5295,13334.3
5296,6418.56
5297,54684.0
5298,2458.46
5299,10424.74
5300,71496.5
5301,28618.11
5302,4609.21
5303,28142.82
5304,49296.31
5305,1993.67
5306,4994.67
5307,47720.49
5308,9327.33
5309,4559.19
5310,30946.02
5311,54684.0
5312,5084.681166666667
5313,32982.06
5314,6860.69
5315,5011.88
5316,16067.04
5317,53168.55
5318,53164.0
5319,4276.83
5320,7648.19
5321,3712.45
5322,3660.54
5323,12366.31
5324,9305.95
5325,2816.14
5326,45687.3675
5327,5980.23
5328,4662.07
5329,12630.11
5330,68676.13333333333
5331,3026.13
5332,4473.06
5333,4193.91
5334,7970.84
5335,5060.615
5336,5118.08
5337,10026.52
5338,5068.7
5339,73822.88
5340,6474.75
5341,4248.22
5342,58795.11
5343,13700.6
5344,5609.83
5345,3888.06
5346,2489.4315
5347,6881.8
5348,22140.0
5349,5632.36
5350,49891.9
5351,10559.34
5352,2407.29
5353,28444.4
5354,5734.171666666666
5355,4999.87
5356,10745.04
5357,60136.5
5358,69308.75
5359,5246.11
5360,13548.39
5361,70549.86
5362,55145.24
5363,57320.79
5364,10070.2
5365,6988.35
5366,6682.192190476189
5367,5150.619000000001
5368,2466.48
5369,3927.2
5370,75104.3
5371,4639.71
5372,58217.65
5373,3199.42
5374,62534.0
5375,54915.24
5376,5178.05
5377,57799.8
5378,5470.15
5379,5347.01
5380,7682.59
5381,52569.91
5382,53437.1
5383,53238.37
5384,7657.28
5385,53756.64
5386,6812.4
5387,10966.74
5388,3593.61
5389,64441.35
5390,7958.28
5391,2339.0
5392,11016.19
5393,32883.5
5394,13395.17
5395,69198.91
5396,54687.41
5397,55208.74
5398,8159.99
5399,2146.34
5400,2329.56
5401,6509.14
5402,11001.77
5403,2584.8175
5404,58037.51
5405,49613.0
5406,50457.96
5407,13810.85
5408,5469.13
5409,2887.99
5410,4496.69
5411,5912.83
5412,8436.21
5413,6879.488238095239
5414,6481.83
5415,56148.98
5416,6883.6
5417,6620.97
5418,5851.89
5419,24961.52
5420,10329.87
5421,6439.7
5422,4951.93
5423,5268.94
5424,63506.78
5425,27913.95
5426,10703.58
5427,54242.64
5428,47991.46
5429,45693.0
5430,49725.0
5431,4753.31
5432,45511.25
5433,5134.72
5434,5086.37
5435,9679.01
5436,2173.36
5437,36590.78
5438,54417.41
5439,51004.52
5440,5506.17
5441,4815.083333333334
5442,4501.1
5443,8799.19
5444,11908.98
5445,20145.97
5446,7507.1
5447,6703.21
5448,11500.99
5449,4920.27
5450,4674.38
5451,4976.36
5452,3849.32
5453,60758.06
5454,9108.08
5455,2043.43
5456,4164.53
5457,8489.75
5458,8923.28
5459,9811.74
5460,5537.56
5461,8184.66
5462,5968.58
5463,65834.79
5464,6280.04
5465,51931.24
5466,3425.986666666666
5467,53547.22
5468,3000.0
5469,6924.4
5470,5100.64
5471,64044.89
5472,50648.01
5473,4150.58
5474,5175.2425
5475,12651.54
5476,6590.08
5477,4389.098
5478,54039.87
5479,5115.21
5480,49436.47
5481,36057.45
5482,9758.73
5483,6407.28
5484,9378.39
5485,5399.47
5486,69353.45
5487,6136.5
5488,7468.3
5489,7135.935
5490,10672.86
5491,61449.22
5492,64926.46
5493,45730.9
5494,83394.94
5495,9824.69
5496,63222.58
5497,6339.27
5498,60372.97
5499,6232.35
5500,57852.03
5501,4069.92
5502,28638.72
5503,6844.535
5504,58287.25
5505,7892.71
5506,52658.84
5507,2014.46
5508,56361.08
5509,55921.13
5510,54033.23
5511,8920.058333333332
5512,7667.45
5513,3042.59
5514,6253.21
5515,6877.39
5516,57756.74
5517,60396.0
5518,5143.68
5519,4415.52
5520,44990.93
5521,4085.2925
5522,67112.51
5523,46366.73
5524,44664.03
5525,6897.31
5526,5208.31
5527,6916.96
5528,6486.76
5529,4585.06
5530,5093.32
5531,6164.34
5532,6355.905
5533,10935.7
5534,25672.33
5535,3241.06
5536,64692.23
5537,5737.26
5538,2305.99
5539,7258.86
5540,60062.51
5541,10133.49
5542,26922.3
5543,4764.02
5544,59818.23
5545,8329.56
5546,10776.54
5547,3260.27
5548,5992.05
5549,27913.95
5550,2409.7616666666668
5551,4166.75
5552,5061.69
5553,6216.06
5554,6112.2
5555,4422.27
5556,58180.6
5557,4115.52
5558,6072.11
5559,6352.87
5560,74588.78
5561,2465.94
5562,6663.1
5563,10649.86
5564,9421.87
5565,6179.42
5566,2725.72
5567,6070.2
5568,3106.33
5569,2416.11
5570,38780.85
5571,43982.56
5572,24121.74
5573,65083.5
5574,78033.63
5575,6723.2
5576,4166.25
5577,37119.54
5578,67949.27
5579,42472.78
5580,6078.49
5581,54796.76
5582,51997.01
5583,61162.32
5584,57650.17
5585,4874.067
5586,4987.38
5587,4482.91
5588,24883.12
5589,4430.34
5590,56580.6
5591,4986.35
5592,43644.76
5593,4552.54
5594,56147.62
5595,54636.45
5596,54608.0
5597,66431.35
5598,10018.65
5599,39248.48
5600,10486.35
5601,61690.99
5602,4074.19
5603,5146.71
5604,4736.03
5605,4747.18
5606,8763.61
5607,11787.32
5608,7610.64
5609,4599.58
5610,4775.98
5611,2905.54
5612,15520.96
5613,1929.41
5614,60255.21
5615,7963.75
5616,8826.04
5617,4876.96
5618,69455.81
5619,59073.54
5620,4501.89
5621,6240.54
5622,70608.32
5623,34591.28
5624,7306.28
5625,1716.1
5626,3012.09
5627,24395.78
5628,39581.4
5629,49040.86
5630,4844.15
5631,62149.16
5632,60268.76
5633,41436.56
5634,55661.19
5635,1803.92
5636,5203.34
5637,2998.97
5638,60308.86
5639,5293.0025
5640,52172.94
5641,2736.7
5642,61211.88
5643,55319.72
5644,4581.72
5645,4599.65
5646,6146.57
5647,5278.81
5648,8803.06
5649,32289.14
5650,11315.72
5651,43516.02
5652,29023.4
5653,4607.88
5654,5316.1
5655,47583.13
5656,12929.84
5657,46234.11
5658,4245.42
5659,59991.18
5660,5469.4875
5661,35996.93
5662,50360.28
5663,4495.11
5664,60624.13
5665,56126.87
5666,69956.21
5667,7362.54
5668,6869.25
5669,12873.115
5670,12023.16
5671,9744.4
5672,4403.52
5673,63631.47
5674,61612.24
5675,62037.99
5676,64113.07
5677,79485.53
5678,8623.015000000001
5679,7228.42
5680,44411.4
5681,38181.55
5682,20559.01
5683,6251.34
5684,53123.08
5685,2601.39
5686,6713.52
5687,5934.79
5688,6525.2
5689,74686.62
5690,5186.4
5691,4517.2925
5692,2508.71
5693,4372.03
5694,6507.69
5695,5578.52
5696,2019.84
5697,10600.83
5698,3320.13
5699,7578.56
5700,61510.4
5701,69987.72
5702,7653.35
5703,7603.47
5704,4014.18
5705,13898.22
5706,6705.32
5707,4696.45
5708,61874.0
5709,57279.75
5710,4064.58
5711,6677.55
5712,11822.98
5713,2159.96
5714,8465.35
5715,4634.27
5716,4603.24
5717,7093.55
5718,2263.68
5719,64812.46
5720,62748.6
5721,8471.63
5722,62894.17
5723,52087.81
5724,60396.0
5725,69374.07
5726,2415.01
5727,5464.22
5728,2434.21
5729,51707.0
5730,49560.18
5731,73442.67
5732,23963.92
5733,51595.0
5734,4445.94
5735,60464.15
5736,7414.3
5737,6887.95
5738,46007.72
5739,6142.9
5740,64682.50666666667
5741,33296.26
5742,4229.23
5743,10916.61
5744,39048.75
5745,7742.22
5746,2285.91
5747,2412.9
5748,1594.2
5749,10365.75
5750,3237.95
5751,62281.54
5752,5433.07
5753,54796.0
5754,9835.55
5755,4780.7455
5756,4855.52
5757,2912.62
5758,3174.97
5759,6592.81
5760,6567.26
5761,5366.32
5762,3849.173
5763,5515.29
5764,17644.87
5765,5022.9
5766,5786.5
5767,6764.39
5768,52134.31
5769,45962.41
5770,34680.56
5771,8419.98
5772,6141.82
5773,53981.24
5774,57524.15
5775,51517.24
5776,9635.44
5777,6211.78
5778,6288.62
5779,3852.12
5780,8364.83
5781,9427.6
5782,64860.65
5783,5364.14
5784,5100.13
5785,5059.44
5786,6605.155
5787,6508.61
5788,23319.08
5789,8738.83
5790,6254.55
5791,5672.01
5792,67966.0
5793,4478.52
5794,3868.13
5795,62036.04
5796,87910.79
5797,11266.4
5798,50851.0
5799,46867.49835714285
5800,6549.82
5801,3720.26
5802,12445.57
5803,45167.61
5804,5061.27
5805,3197.49
5806,6350.33
5807,56096.35
5808,2537.57
5809,2276.12
5810,53868.03
5811,1564.35
5812,11051.0
5813,5731.35
5814,65974.76666666666
5815,2148.65
5816,9951.58
5817,11820.28
5818,4944.35
5819,14332.33
5820,4593.6175
5821,54763.41
5822,5418.59
5823,2425.68
5824,4609.16
5825,5020.07
5826,9150.82
5827,12197.25
5828,5000.48
5829,30518.36
5830,62675.0
5831,3462.49
5832,11788.15
5833,4245.8
5834,3630.8
5835,4038.91
5836,23959.26
5837,7929.89
5838,70782.68
5839,3852.85
5840,5361.02
5841,53813.2
5842,12386.79
5843,58292.1
5844,4635.87
5845,4498.48
5846,5770.344166666666
5847,8269.044
5848,3591.89
5849,8783.42
5850,13946.63
5851,6588.18
5852,3978.42
5853,2819.3
5854,55859.72
5855,4685.05
5856,3007.85
5857,4979.07
5858,11640.88
5859,4637.61
5860,6395.16
5861,5412.79
5862,3007.96
5863,4474.1
5864,46058.38
5865,5815.96
5866,15099.72
5867,6357.06
5868,53065.27
5869,5160.29
5870,56590.0
5871,49884.23
5872,59611.66
5873,3968.61
5874,8944.9
5875,6200.56
5876,6915.21
5877,10490.98
5878,13109.02
5879,8256.69
5880,6434.16
5881,67608.83
5882,4611.3
5883,4555.56
5884,6168.35
5885,5642.07
5886,2529.8
5887,3106.5
5888,49725.0
5889,62542.09
5890,5103.1
5891,3015.91
5892,5163.59
5893,3184.44
5894,7450.71
5895,17435.26
5896,5428.2
5897,3526.44
5898,27903.29
5899,2256.7
5900,7923.72
5901,5510.63
5902,24234.0
5903,42687.65
5904,3770.45
5905,9954.45
5906,50478.29
5907,52684.2
5908,60891.95
5909,56088.62
5910,61528.35
5911,62088.61
5912,5681.8
5913,5219.66
5914,5477.25
5915,4641.43
5916,62719.509333333335
5917,45257.0
5918,2219.922
5919,51798.64
5920,40100.49
5921,71646.04
5922,4232.49
5923,5112.78
5924,3184.03
5925,52028.02
5926,4281.48
5927,63008.74
5928,5295.78
5929,52381.96
5930,5968.09
5931,62565.33
5932,5910.28
5933,3077.95
5934,12857.3
5935,25617.02
5936,4868.49
5937,2347.35
5938,4444.63
5939,5701.23
5940,11064.37
5941,9684.45
5942,5990.93
5943,9205.96
5944,2205.68
5945,5666.0
5946,1905.97
5947,13090.995
5948,55965.13
5949,13978.75
5950,5084.29
5951,18331.28
5952,6685.28
5953,3084.73
5954,5029.06
5955,55917.82
5956,14140.71
5957,5788.37
5958,2297.22
5959,5543.24
5960,4863.5
5961,8422.01
5962,3931.61
5963,2340.96
5964,41457.56
5965,67741.92
5966,10582.305
5967,7493.78
5968,41214.75
5969,60542.39
5970,57603.3
5971,7474.64
5972,5695.7
5973,5075.56
5974,51707.0
5975,51792.94
5976,4733.596916666666
5977,6729.24
5978,23898.0
5979,41108.79
5980,54684.0
5981,6974.943333333333
5982,9729.32
5983,6924.7
5984,46478.13
5985,61574.66
5986,52327.7
5987,5350.28
5988,6159.74
5989,60508.0
5990,6701.7
5991,60242.23
5992,5390.82
5993,14134.03
5994,6250.278333333334
5995,5690.46
5996,50345.71
5997,56254.34
5998,53299.76
5999,52359.85
6000,47703.94
6001,52569.91
6002,2044.15
6003,4836.03
6004,51086.92
6005,4376.01
6006,6530.89
6007,70694.73
6008,4528.59
6009,44280.0
6010,33120.74
6011,55916.21
6012,6848.98
6013,11920.82
6014,4497.62
6015,44144.0
6016,6812.9
6017,5996.48
6018,3518.77
6019,4496.93
6020,4950.33
6021,46686.1
6022,38047.72
6023,4251.04
6024,58040.27
6025,56243.29
6026,56586.81
6027,6070.5
6028,6318.96
6029,6019.27
6030,62599.7
6031,60396.0
6032,6321.07
6033,5105.59
6034,48313.2
6035,3244.586666666666
6036,3977.26
6037,4836.56
6038,7006.08
6039,4419.27
6040,39927.4
6041,4845.39
6042,3771.63
6043,5555.06
6044,60049.29
6045,4238.15
6046,3996.63
6047,7875.2
6048,10148.43
6049,17962.84
6050,49536.6
6051,60396.0
6052,4654.86
6053,3791.68
6054,4646.67
6055,5984.75
6056,12593.64
6057,60579.89
6058,5956.01
6059,2546.2725
6060,38758.88
6061,60194.86
6062,55851.2
6063,63650.6
6064,45451.42
6065,4631.42
6066,4071.1
6067,5655.8
6068,29917.35
6069,49023.61
6070,46811.46
6071,5097.138166666667
6072,54206.71
6073,45693.0
6074,3301.48
6075,55529.56
6076,28646.01
6077,11484.16
6078,2343.03
6079,39499.0
6080,4311.06
6081,5095.95
6082,7069.17
6083,2913.77
6084,56685.43
6085,33057.44
6086,7745.41
6087,4199.8
6088,5595.53
6089,14465.43
6090,6502.06
6091,5003.99
6092,6129.12
6093,11534.32
6094,8738.803333333333
6095,4147.78
6096,44079.72
6097,58955.0
6098,14404.47
6099,61910.76
6100,61042.64
6101,5942.94
6102,18297.38
6103,6879.01
6104,3718.43
6105,2324.82
6106,7217.55
6107,5726.51
6108,5768.03
6109,1952.08
6110,55164.07
6111,61882.32
6112,50320.13
6113,49579.51
6114,7139.2
6115,4406.58
6116,6062.2
6117,6019.3
6118,53300.74
6119,59070.17
6120,6735.67
6121,5178.0
6122,4704.299999999999
6123,4819.95
6124,27566.37
6125,55995.95
6126,10494.31
6127,32923.0
6128,5584.01
6129,76390.3
6130,14906.07
6131,59414.23
6132,5773.33
6133,3961.02
6134,5182.293999999999
6135,5153.08
6136,13852.75
6137,4414.351428571428
6138,42477.87
6139,54608.0
6140,12973.27
6141,57294.98
6142,5100.293333333333
6143,22230.28
6144,6757.34
6145,46651.53
6146,4363.56
6147,4850.508333333333
6148,60867.48
6149,5917.46
6150,49207.0
6151,60339.25
6152,41454.3
6153,58791.84
6154,73972.67
6155,5926.37
6156,43262.44
6157,4677.06
6158,6667.39
6159,7272.66
6160,60988.56
6161,52685.92
6162,5374.19
6163,4392.77
6164,9557.12
6165,6774.01
6166,11423.73
6167,2691.535
6168,7418.45
6169,38551.39
6170,53478.83
6171,6222.085
6172,2078.82
6173,10197.55
6174,49553.0
6175,4035.4
6176,7460.22
6177,57453.0
6178,5254.68
6179,6168.0
6180,7199.96
6181,4531.05
6182,10061.35
6183,14055.14
6184,4902.0
6185,7955.13
6186,10272.96
6187,4486.02
6188,10858.29
6189,6036.76
6190,49170.54
6191,6931.36
6192,6466.69
6193,7173.94
6194,28466.12
6195,11299.31
6196,9364.4
6197,2486.88
6198,4391.73
6199,5244.9
6200,11991.6
6201,4937.24
6202,11232.44
6203,51106.08
6204,7054.94
6205,58259.75
6206,9338.62
6207,13590.16
6208,11376.26
6209,6254.69
6210,5844.015
6211,64412.79
6212,37985.0
6213,2989.36
6214,5023.38
6215,4416.48
6216,4941.57
6217,6569.065
6218,7650.235833333332
6219,5428.56
6220,4564.86
6221,6152.4
6222,39605.09
6223,65778.04
6224,5621.38
6225,5397.12
6226,51769.0
6227,72111.28
6228,38609.02
6229,7613.62
6230,67874.16
6231,49725.0
6232,72202.76
6233,5768.56
6234,6057.64
6235,4745.66
6236,8862.48
6237,5350.44
6238,8958.92
6239,46007.72
6240,3243.06
6241,55555.79
6242,62124.52
6243,58597.95
6244,16485.523999999998
6245,39602.27
6246,7287.5
6247,4045.4
6248,11158.18
6249,5827.32
6250,4501.79
6251,60508.0
6252,3494.27
6253,2933.68
6254,38320.61
6255,46690.23
6256,7200.646666666667
6257,8489.31
6258,44251.16
6259,5356.5633333333335
6260,10074.43
6261,2497.95
6262,6979.93
6263,6224.4
6264,53195.42
6265,4628.57
6266,50422.66
6267,9848.44
6268,4521.87
6269,55377.0
6270,33153.69
6271,22216.14
6272,12065.43
6273,4260.62
6274,5592.81
6275,4017.59
6276,52064.74
6277,5986.91
6278,15064.87
6279,59086.96
6280,1751.54
6281,24234.0
6282,6089.02
6283,6083.37
6284,9806.71
6285,4500.0
6286,3468.67
6287,9403.35
6288,4679.41
6289,3564.83
6290,52311.07
6291,4462.85
6292,2644.065
6293,4683.53
6294,4950.07
6295,4873.74
6296,49751.96
6297,9781.72
6298,6761.42
6299,2946.86
6300,4936.12
6301,5985.9
6302,4758.46
6303,60396.0
6304,3799.1240000000007
6305,6782.05
6306,4641.938
6307,5191.881666666667
6308,5504.127
6309,58198.46
6310,8558.75
6311,2904.365
6312,14395.75
6313,10273.09
6314,3372.5
6315,4931.72
6316,4852.26
6317,3967.7
6318,5720.47
6319,4497.53
6320,6292.825
6321,2373.53
6322,4875.04
6323,41754.77
6324,5961.92
6325,52406.06
6326,44390.63
6327,39499.0
6328,3680.39
6329,57664.81
6330,13214.6
6331,69805.06
6332,6335.3
6333,49725.0
6334,8042.02
6335,7600.633000000001
6336,6208.96
6337,13529.14
6338,4327.25
6339,4484.6
6340,45693.0
6341,4937.86
6342,59296.31
6343,7195.811
6344,4517.52
6345,4959.63
6346,70229.89
6347,5322.15
6348,5983.92
6349,7952.87
6350,23955.58
6351,36253.65
6352,6230.63
6353,5786.34
6354,6305.42
6355,2884.61
6356,4442.606
6357,5456.72
6358,66643.92
6359,37986.14
6360,5894.93
6361,64332.43
6362,13020.87
6363,24723.24
6364,41691.97
6365,45744.17
6366,11940.43
6367,2446.25
6368,52287.0
6369,3884.69
6370,3537.32
6371,66100.51
6372,4512.78
6373,6295.8
6374,4367.67
6375,3624.35
6376,11247.05
6377,4991.19
6378,7509.42
6379,66670.6
6380,5420.59
6381,9619.98
6382,7731.66
6383,46292.41
6384,7848.02
6385,6652.66
6386,3357.67
6387,5270.48
6388,2306.675
6389,1445.11
6390,4189.26
6391,59874.45
6392,6434.62
6393,5760.16
6394,63054.12
6395,5598.39
6396,4529.89
6397,5831.76
6398,3449.56
6399,46133.05
6400,5993.56
6401,65601.58
6402,7980.12
6403,3533.04
6404,4407.78
6405,13567.57
6406,5663.15
6407,4891.94
6408,5692.42
6409,6620.88
6410,2671.55
6411,49723.73
6412,20184.08
6413,1608.65
6414,45192.85
6415,53800.21
6416,2438.47
6417,52706.21
6418,61688.2
6419,11120.19
6420,39812.87
6421,50593.97
6422,54684.0
6423,5346.3
6424,2777.79
6425,3218.78
6426,71518.93
6427,53213.65
6428,6676.81
6429,7865.0
6430,44371.46
6431,5528.67
6432,9117.96
6433,6262.483
6434,7830.11
6435,45336.07
6436,4676.73
6437,36577.0
6438,17852.42
6439,5765.93
6440,62295.0
6441,49252.99
6442,7707.95
6443,69767.65
6444,3732.22
6445,11206.61
6446,4864.96
6447,43439.27
6448,4952.01
6449,9256.26
6450,57024.84
6451,4498.37
6452,6107.73
6453,13899.4
6454,59514.46
6455,5849.08
6456,11125.87
6457,2350.41
6458,3999.01
6459,48198.08
6460,51846.66
6461,8898.69
6462,4257.09
6463,2879.41
6464,3601.75
6465,36473.39
6466,4283.83
6467,14017.33
6468,2736.34
6469,61993.06
6470,8802.43
6471,79942.6
6472,3225.18
6473,75576.45
6474,45876.05
6475,6663.62
6476,55553.8
6477,6022.6375
6478,4631.76
6479,2739.45
6480,4925.34
6481,14363.09
6482,7326.61
6483,49402.6
6484,6582.13
6485,38052.04
6486,42289.84
6487,71323.8
6488,48952.33
6489,60260.0
6490,4393.05
6491,24246.71
6492,51738.54
6493,61003.96
6494,39190.78
6495,83036.19
6496,4481.42
6497,8598.9
6498,39906.6
6499,60403.69
6500,4011.26
6501,5117.54
6502,6001.6
6503,4422.72
6504,57421.48
6505,65939.245
6506,4749.3
6507,4505.914761904762
6508,5248.1
6509,4971.37
6510,77386.6
6511,4252.62
6512,5701.1
6513,4015.81
6514,54687.86
6515,45794.64
6516,64430.01
6517,57015.19
6518,4192.67
6519,49806.4
6520,7518.97
6521,4817.09
6522,63519.91
6523,4936.1
6524,11344.24
6525,11162.61469047619
6526,4424.06
6527,13439.22
6528,4606.06
6529,24201.56
6530,2417.39
6531,8604.71
6532,4612.1
6533,5180.33
6534,12186.75
6535,4503.88
6536,3855.32
6537,12186.21
6538,7436.91
6539,56870.91
6540,24232.6
6541,1974.28
6542,12484.47
6543,52063.0
6544,48114.48
6545,7287.22
6546,5109.75
6547,7207.43
6548,5244.61
6549,11051.1
6550,57255.43
6551,2154.59
6552,3623.29
6553,5932.55
6554,3991.15
6555,3314.52
6556,5220.67
6557,55187.11
6558,4319.631428571429
6559,5764.14
6560,4864.88
6561,17904.54
6562,4243.75
6563,3553.93
6564,5624.8
6565,8103.18
6566,6489.723000000001
6567,54487.15
6568,4664.73
6569,4906.78
6570,4587.02
6571,5003.185
6572,6048.82
6573,42437.13
6574,10504.1
6575,3962.52
6576,6974.68
6577,5130.23
6578,3862.83
6579,60832.34
6580,5209.36
6581,4658.89
6582,2489.4315
6583,5709.12
6584,3032.26
6585,3498.525
6586,54999.22
6587,5681.44
6588,10953.09
6589,5474.35
6590,28063.8
6591,2492.93
6592,56534.34
6593,11225.85
6594,52953.46
6595,4307.49
6596,31521.96
6597,6075.639499999999
6598,28514.11
6599,51373.66
6600,4395.54
6601,10148.49
6602,61402.47
6603,52138.49
6604,22140.0
6605,4884.488333333333
6606,51571.92
6607,6274.66
6608,14129.32
6609,19131.18
6610,7589.39
6611,8092.33
6612,71078.12
6613,4555.63
6614,7065.31
6615,59473.22
6616,3813.61
6617,65665.2
6618,13760.5
6619,21693.62
6620,57463.35
6621,12877.06
6622,44353.15
6623,60396.0
6624,13143.29
6625,5546.44
6626,2763.63
6627,4705.37
6628,12530.79
6629,8152.49
6630,41780.0
6631,6336.3
6632,7920.38
6633,5871.04
6634,5074.92
6635,7157.91
6636,12792.65
6637,8171.56
6638,7510.38
6639,6229.86
6640,11125.19
6641,33764.76
6642,10358.91
6643,5737.87
6644,64526.29
6645,6013.86
6646,5838.7
6647,20760.0
6648,6313.45
6649,47642.0
6650,6891.32
6651,53920.14
6652,15217.92
6653,9946.766666666666
6654,5315.79
6655,9988.81
6656,45883.0
6657,61666.75
6658,7392.08
6659,11238.83
6660,4716.43
6661,5554.42
6662,5840.3
6663,4535.65
6664,3388.66
6665,2188.12
6666,63099.53
6667,18217.98
6668,7104.5
6669,4223.05
6670,7284.52
6671,5722.216666666667
6672,5215.61
6673,5431.58
6674,6165.75
6675,6150.59
6676,11610.79
6677,5867.98
6678,16948.55
6679,4719.39
6680,8988.25
6681,8124.2
6682,5753.03
6683,52150.8
6684,57883.01
6685,69218.96
6686,60096.2
6687,50278.86
6688,11480.8
6689,1922.685
6690,7519.47
6691,3562.36
6692,6432.3634999999995
6693,6818.766777777778
6694,55051.8
6695,51752.56
6696,6237.29
6697,5949.0
6698,13880.0
6699,61072.63
6700,7298.58
6701,3563.0
6702,5029.51
6703,45061.09
6704,11718.34
6705,5992.23
6706,56998.75
6707,6007.16
6708,3150.14
6709,13331.3
6710,22140.0
6711,46041.82
6712,6274.21
6713,77167.96
6714,3175.61
6715,55735.73
6716,10556.16
6717,4674.75
6718,8249.22
6719,2418.26
6720,5014.305
6721,51975.64
6722,54131.035
6723,5927.52
6724,45041.23
6725,49725.0
6726,6894.23
6727,44144.0
6728,65866.56
6729,10376.61
6730,54608.0
6731,43800.38
6732,4482.07
6733,4926.51
6734,1960.455
6735,4998.28
6736,52706.4
6737,15829.11
6738,7356.07
6739,53971.89
6740,4982.96
6741,24343.32
6742,5346.92
6743,50527.99
6744,12453.61
6745,6693.060714285716
6746,3313.15
6747,4862.1705
6748,11085.94
6749,52107.77
6750,5218.92
6751,5812.3
6752,4467.09
6753,5020.82
6754,67772.97
6755,3118.69
6756,59014.27
6757,3137.07
6758,9023.19
6759,6005.05
6760,4879.02
6761,50791.59
6762,4838.13
6763,59993.95
6764,8720.146999999999
6765,4235.4
6766,53085.74
6767,4163.22
6768,14154.04
6769,5232.85
6770,49830.22
6771,5182.46
6772,5052.8
6773,2930.0775
6774,49725.0
6775,60508.0
6776,39482.61
6777,46444.76
6778,5566.05
6779,47417.94
6780,51595.0
6781,4976.5
6782,3377.55
6783,5257.705
6784,46470.83
6785,6170.94
6786,5054.32
6787,4996.07
6788,5958.61
6789,7543.8
6790,54687.41
6791,47398.575
6792,63165.57
6793,5859.22
6794,11185.27
6795,72417.07
6796,46611.62
6797,5314.96
6798,29444.37
6799,3377.14
6800,65249.94
6801,6072.83
6802,60117.9
6803,3866.19
6804,65491.45
6805,4945.51
6806,54435.29
6807,7252.4
6808,45805.0
6809,36111.09
6810,5262.65
6811,5151.76
6812,7740.75
6813,51875.0
6814,6617.4
6815,2291.33
6816,5032.91
6817,60772.79
6818,65799.85
6819,5642.33
6820,7851.67
6821,2776.13
6822,6017.36
6823,3816.67
6824,17585.33
6825,5462.98
6826,11718.1
6827,50042.64
6828,2487.54
6829,5841.37
6830,22223.52
6831,11631.16
6832,59864.55
6833,5748.16
6834,63105.3
6835,3505.42
6836,2896.98
6837,49982.26
6838,12354.81
6839,8918.79
6840,5900.6
6841,32634.0
6842,3775.85
6843,4310.67
6844,3913.31
6845,54578.17
6846,46218.23
6847,49725.0
6848,5331.61
6849,61237.09
6850,4500.0
6851,53152.0
6852,60396.0
6853,6060.44
6854,6478.64
6855,5917.52
6856,60550.99
6857,6720.52
6858,6372.18
6859,3013.95
6860,55043.29
6861,12108.443333333333
6862,12954.37
6863,52671.21
6864,20869.02
6865,4503.16
6866,5305.08
6867,6614.22
6868,6119.33
6869,4917.87
6870,4661.97
6871,5543.5
6872,5890.196666666667
6873,38951.2
6874,5660.273
6875,89160.67
6876,5531.46
6877,47514.92
6878,53164.0
6879,4998.09
6880,14331.63
6881,44237.32
6882,46869.26
6883,4831.99
6884,2321.68
6885,7125.37
6886,60155.63
6887,4148.28
6888,55390.94
6889,4850.22
6890,11987.41
6891,5423.18
6892,5545.99
6893,52692.66
6894,85207.59
6895,4348.81
6896,39990.24
6897,3146.59
6898,4958.09
6899,52264.56
6900,9790.64
6901,6504.43
6902,76625.77
6903,4296.07
6904,3167.94
6905,49725.0
6906,62181.64
6907,53575.39
6908,4619.203333333334
6909,1781.17
6910,5873.455
6911,6939.418333333332
6912,57752.45
6913,45513.93
6914,2136.98
6915,3085.172
6916,6707.42
6917,2933.68
6918,55174.49
6919,9443.966666666667
6920,9828.8
6921,6669.77
6922,6544.34
6923,6600.16
6924,61750.16
6925,32871.72
6926,7818.05
6927,6473.43
6928,4876.02
6929,6605.95
6930,52149.65
6931,4391.76
6932,6956.32
6933,56018.79
6934,4284.32
6935,8039.73
6936,1783.62
6937,4452.75
6938,54467.71
6939,6794.97
6940,44362.85
6941,5120.72
6942,4504.97
6943,8899.92
6944,5680.143333333333
6945,10420.55
6946,45693.0
6947,4531.83
6948,52481.16
6949,2460.19
6950,4361.16
6951,13467.92
6952,57641.93
6953,61925.7
6954,8849.42
6955,60942.25
6956,6057.8
6957,5182.67
6958,67751.46
6959,6014.42
6960,12959.91
6961,3998.5206666666677
6962,61172.74
6963,5311.24
6964,60720.5
6965,4367.98
6966,5111.26
6967,41981.21
6968,6043.67
6969,70415.82
6970,10416.52
6971,8050.948333333333
6972,63052.14
6973,65623.22
6974,53564.74
6975,60989.2
6976,4145.5
6977,6655.675
6978,27976.0
6979,3503.12
6980,8369.09
6981,4837.64
6982,5526.69
6983,62098.540666666675
6984,5269.62
6985,2883.0361666666668
6986,5485.14
6987,11318.85
6988,6274.81
6989,5205.9
6990,7827.76
6991,61335.78
6992,43949.16
6993,5648.63
6994,14353.24
6995,4580.74
6996,6111.0
6997,5508.95
6998,5590.77
6999,13254.47
7000,54597.51
7001,13209.59
7002,81185.4
7003,5566.23
7004,6041.16
7005,2947.26
7006,17846.262000000002
7007,5844.99
7008,72797.07
7009,4459.68
7010,54526.02
7011,4929.44
7012,43422.67
7013,42599.97
7014,5365.22
7015,40298.86
7016,5667.11
7017,8263.57
7018,10031.57
7019,64775.45
7020,6332.77
7021,6960.75
7022,11437.65
7023,5948.73
7024,68108.12
7025,16073.99
7026,6814.58
7027,14087.79
7028,5550.9
7029,6549.09
7030,72390.16
7031,4680.47
7032,2124.77
7033,6356.32
7034,8007.15
7035,5581.53
7036,7721.67
7037,49866.27
7038,5661.05
7039,54507.0
7040,38812.83
7041,1918.57
7042,2774.49
7043,56173.32
7044,5719.43
7045,5042.26
7046,27641.64
7047,63346.48
7048,52310.2
7049,58368.75666666666
7050,19702.79
7051,5631.47
7052,53247.62
7053,49522.23
7054,6840.192666666666
7055,6384.717
7056,58508.435
7057,5839.64
7058,2783.8
7059,61722.15
7060,32859.0
7061,4643.77
7062,3275.69
7063,5875.46
7064,5052.77
7065,9717.19
7066,8845.365186507937
7067,4049.93
7068,58852.69
7069,38679.84
7070,10967.74
7071,45345.29
7072,60508.0
7073,5185.88
7074,9776.88
7075,52152.6
7076,58922.04
7077,10265.7
7078,3178.098
7079,6503.64
7080,5477.08
7081,6051.28
7082,4681.92
7083,49301.45
7084,54608.0
7085,5615.48
7086,40067.04
7087,7828.79
7088,12427.98
7089,61536.83
7090,5791.51
7091,9375.91
7092,5762.5
7093,4520.77
7094,5254.09
7095,6108.26
7096,7339.1
7097,6204.13
7098,6751.54
7099,52724.64
7100,9918.74
7101,4607.776
7102,6293.38
7103,3497.08
7104,76271.51
7105,3309.51
7106,6326.14
7107,4502.72
7108,3454.34
7109,9179.94
7110,6164.06
7111,10535.36
7112,3490.92
7113,57232.03
7114,6364.74
7115,4703.92
7116,5608.49
7117,5307.475
7118,62080.57
7119,3588.185
7120,4955.03
7121,71710.33333333334
7122,6524.84
7123,5020.36
7124,49632.91
7125,8257.106666666667
7126,49725.0
7127,6021.81
7128,40019.29
7129,58644.6
7130,52844.42
7131,10286.29
7132,4449.18
7133,13209.428333333335
7134,2756.75
7135,4926.805
7136,23991.66
7137,52188.82
7138,57453.0
7139,7864.41
7140,51436.17
7141,5141.315
7142,58761.16
7143,4039.54
7144,7916.87
7145,2476.5233333333335
7146,2415.62
7147,44835.85
7148,10762.48
7149,9328.37
7150,6893.99
7151,8964.28
7152,7988.56
7153,2084.76
7154,6845.37
7155,3466.85
7156,5596.3
7157,4762.9
7158,57039.29
7159,18675.04
7160,9229.6
7161,11990.98
7162,56649.13
7163,3094.73
7164,7664.13
7165,5781.13
7166,10962.41
7167,4863.17
7168,3834.56
7169,5959.24
7170,66377.34666666666
7171,16014.868571428573
7172,4315.29
7173,56946.54
7174,13519.16
7175,2144.91
7176,5795.96
7177,4722.69
7178,4533.26
7179,6345.74
7180,49686.9
7181,64520.18
7182,6082.4
7183,55679.99
7184,5837.39
7185,6439.28
7186,59107.16
7187,10365.86
7188,5361.64
7189,48796.19
7190,11060.32
7191,6240.39
7192,2149.88
7193,5337.22
7194,2668.48
7195,5498.13
7196,44324.84
7197,11563.28
7198,2620.12
7199,59001.15
7200,7139.75
7201,4508.62
7202,4272.18
7203,4362.23
7204,4867.28
7205,7074.46
7206,5505.18
7207,54684.0
7208,5276.59
7209,3022.32
7210,4391.29
7211,6145.6
7212,5855.03
7213,6452.85
7214,11653.41
7215,63362.44
7216,1665.48
7217,44293.2
7218,6076.97
7219,5290.77
7220,4857.35
7221,59567.47
7222,6118.88
7223,4120.1
7224,4664.36
7225,60989.2
7226,56461.23
7227,4506.52
7228,4219.93
7229,75412.94
7230,45332.19
7231,7011.05
7232,2870.77
7233,3893.5
7234,10177.69
7235,2836.68
7236,56656.61
7237,49806.5
7238,5437.12
7239,6309.06
7240,53547.49
7241,3880.47
7242,63041.97
7243,56528.68
7244,10094.07
7245,54112.7
7246,6384.72
7247,4805.54
7248,49725.0
7249,6451.41
7250,53146.2
7251,8080.8
7252,54608.0
7253,17222.32
7254,59447.4
7255,6772.76
7256,7865.69
7257,4531.81
7258,4936.93
7259,6952.784000000001
7260,4492.41
7261,54684.0
7262,4354.86
7263,77853.44
7264,68724.92
7265,5987.45
7266,10529.06
7267,4762.67
7268,1773.86
7269,40090.17
7270,67901.82
7271,69476.45
7272,54687.41
7273,7545.926333333333
7274,4580.87
7275,7231.88
7276,73855.05
7277,4357.865
7278,3838.02
7279,45257.0
7280,66474.8
7281,5753.19
7282,37123.64
7283,5474.46
7284,4503.99
7285,40807.006
7286,6054.5
7287,9537.67
7288,42329.47
7289,3243.79
7290,59735.666
7291,9122.66
7292,60602.03
7293,7660.66
7294,4524.75
7295,6950.87
7296,4501.13
7297,44555.27
7298,11320.32
7299,31817.81
7300,9662.23
7301,2441.83
7302,10659.88
7303,7394.31
7304,11962.03
7305,5168.69
7306,55666.99
7307,14546.5
7308,2469.15
7309,6827.33
7310,11179.42
7311,6258.52
7312,7352.905
7313,5669.87
7314,7150.89
7315,53386.21
7316,51619.64
7317,56744.08
7318,9702.53
7319,64323.05
7320,60257.48
7321,5683.94
7322,4383.47
7323,11353.04
7324,64437.02
7325,48951.35
7326,5602.68
7327,5697.2
7328,4551.165333333333
7329,9366.65
7330,49553.0
7331,5911.94
7332,62052.9
7333,2970.76
7334,4441.82
7335,11077.62
7336,14121.91
7337,5585.48
7338,6132.4825
7339,5105.193333333333
7340,11362.01
7341,8961.68
7342,4446.92
7343,5098.25
7344,65983.74
7345,5828.09
7346,8616.819666666666
7347,38570.73
7348,6896.05
7349,4790.03
7350,5569.0
7351,14047.76
7352,56012.88
7353,61748.96
7354,51368.12
7355,9777.4
7356,4478.74
7357,23959.26
7358,4033.71
7359,59443.6
7360,12820.28
7361,5356.49
7362,5685.02
7363,4406.62
7364,7003.13
7365,5647.76
7366,4874.76
7367,5566.35
7368,57263.21
7369,11263.5
7370,3953.33
7371,3385.03
7372,51515.57
7373,38420.01
7374,12520.34
7375,5895.86
7376,58418.93
7377,5279.02
7378,4751.16
7379,54276.84666666666
7380,5341.95
7381,67570.57
7382,53824.87
7383,52359.78
7384,11313.29
7385,7246.866666666668
7386,5263.505
7387,5251.62
7388,11699.77
7389,4369.42
7390,5604.2
7391,60188.54
7392,63475.15
7393,5064.06
7394,6913.68
7395,7539.14
7396,1482.83
7397,3299.76
7398,5321.63
7399,50934.84
7400,4596.21
7401,38966.54
7402,3482.45
7403,5494.04
7404,3020.0225
7405,58407.55
7406,4436.2
7407,5463.61
7408,4021.83
7409,43447.74
7410,8214.84
7411,61948.99
7412,9034.97
7413,4208.27
7414,64503.25
7415,4014.04
7416,17037.18
7417,6235.8
7418,57575.05
7419,4339.9
7420,6117.27
7421,2592.41
7422,5360.75
7423,3296.09
7424,6290.325
7425,66752.76
7426,12603.07
7427,60267.18
7428,8087.86
7429,56239.57
7430,2279.05
7431,5370.94
7432,4878.4
7433,11136.45
7434,66198.41
7435,5477.93
7436,5231.87
7437,11530.67
7438,3200.96
7439,18034.55
7440,5925.84
7441,12845.99
7442,61672.15
7443,5086.79
7444,12341.19
7445,5606.655
7446,9054.070666666668
7447,73855.04
7448,7625.792333333334
7449,6402.85
7450,6536.43
7451,4818.18
7452,5283.09
7453,2637.2375
7454,56539.89
7455,64220.55
7456,4762.64
7457,12069.66
7458,47653.08
7459,66928.0
7460,2138.56
7461,9436.58
7462,11760.45
7463,4606.67
7464,45693.0
7465,5236.19
7466,1799.89
7467,57043.44
7468,4149.37
7469,3111.03
7470,45838.55
7471,2170.7
7472,57928.34
7473,49049.46
7474,14878.22
7475,60329.44
7476,5990.51
7477,2333.86
7478,31879.43
7479,5793.7
7480,3045.36
7481,6886.4366666666665
7482,7059.93
7483,4647.23
7484,7676.964611111111
7485,6161.58
7486,3897.8
7487,7765.76
7488,75715.48
7489,6118.5
7490,47028.96
7491,2478.52
7492,57904.42
7493,6716.64
7494,6512.86
7495,5681.37
7496,5948.74
7497,5284.75
7498,3664.08
7499,6160.46
7500,6310.26
7501,13369.31
7502,9667.76
7503,45191.54
7504,55469.85
7505,5189.87
7506,41094.8
7507,5234.74
7508,6025.75
7509,52301.56
7510,38047.95
7511,39121.62
7512,4734.46
7513,63993.025
7514,5244.42
7515,51947.08
7516,4442.36
7517,33009.58
7518,34405.48
7519,2760.26
7520,10239.53
7521,64264.98
7522,5583.75
7523,51707.0
7524,23591.62
7525,4460.95
7526,5526.38
7527,3125.1
7528,59145.65
7529,32658.32
7530,6321.426333333334
7531,50736.25
7532,39523.68
7533,5166.34
7534,5401.43
7535,57101.69
7536,6996.61
7537,6214.12
7538,5856.68
7539,58795.11
7540,61067.6
7541,6493.276666666668
7542,5108.98
7543,65286.89
7544,4314.73
7545,32480.92
7546,59765.55
7547,3089.28
7548,3245.274166666667
7549,4361.34
7550,4428.91
7551,46940.46
7552,5383.25
7553,52882.14833333334
7554,5312.89
7555,52631.835999999996
7556,5358.99
7557,5728.68
7558,4855.67
7559,41149.58
7560,5094.19
7561,2312.06
7562,2474.0041666666666
7563,5064.79
7564,69300.87
7565,8793.86
7566,5002.79
7567,6575.39
7568,83683.82
7569,5438.855
7570,12951.38
7571,5576.850666666668
7572,55048.26
7573,56904.12
7574,42734.06
7575,10254.47
7576,44068.33
7577,4616.17
7578,7669.07
7579,4821.01
7580,6077.28
7581,6435.98
7582,51707.0
7583,57776.47
7584,53267.24
7585,9681.26
7586,5228.84
7587,4579.41
7588,5399.4125
7589,31604.55
7590,41358.9
7591,3060.25
7592,11224.43
7593,60396.0
7594,4985.74
7595,6102.62
7596,4544.24
7597,5538.64
7598,7446.24
7599,6125.25
7600,60563.92
7601,44668.52
7602,73759.28
7603,4912.66
7604,8775.275
7605,59021.0
7606,5216.57
7607,38015.79
7608,11070.21
7609,2781.9
7610,5702.09
7611,48707.94
7612,44513.3
7613,75773.09
7614,15897.98
7615,9167.05
7616,54695.2
7617,2959.57
7618,2988.36
7619,6093.1
7620,50257.3
7621,65775.64
7622,75686.58
7623,11493.05
7624,66099.44
7625,3213.71
7626,63515.22
7627,5461.0
7628,10819.52
7629,51196.52
7630,52963.49
7631,6413.46
7632,13417.61
7633,5956.22
7634,59984.19
7635,12826.43
7636,6024.1433333333325
7637,4005.77
7638,6367.35
7639,12288.76
7640,10003.98
7641,5301.19
7642,41094.8
7643,5128.59
7644,51208.91
7645,44115.59
7646,7011.5375
7647,54777.12
7648,12453.79
7649,4294.31
7650,7908.05
7651,6159.48
7652,41441.9
7653,3566.07
7654,7055.09
7655,10303.77
7656,48505.38
7657,3498.101666666667
7658,8988.2
7659,10691.19
7660,54608.0
7661,6518.74
7662,9130.02
7663,5741.9
7664,5105.47
7665,5065.31
7666,3910.67
7667,6648.48
7668,13703.77
7669,4495.34
7670,15059.93
7671,12073.82
7672,6355.84
7673,7866.26
7674,65003.26
7675,7061.88
7676,5562.99
7677,54127.86
7678,12108.16
7679,5390.02
7680,44913.22
7681,6541.29
7682,4885.02
7683,51962.61
7684,8389.63
7685,7016.86
7686,70792.87
7687,5840.535333333333
7688,4786.16
7689,63993.49
7690,6196.73
7691,2201.0
7692,5933.93
7693,7180.848333333333
7694,4450.36
7695,4482.86
7696,6607.29
7697,5119.66
7698,3540.55
7699,54078.57
7700,1793.23
7701,8151.95
7702,55377.0
7703,3043.22
7704,6932.44
7705,5562.93
7706,6272.64
7707,62757.76
7708,42457.0
7709,8169.5
7710,5378.41
7711,2125.85
7712,7313.67
7713,39188.21
7714,52087.3
7715,65949.37
7716,6419.8
7717,2574.52
7718,3553.93
7719,5697.82
7720,7974.34
7721,4044.22
7722,56352.88
7723,5524.62
7724,49348.45
7725,4676.04
7726,4541.68
7727,9887.44
7728,52091.62
7729,11338.44
7730,61788.99
7731,7411.44
7732,5609.1
7733,5526.15
7734,4177.09
7735,5355.51
7736,6295.2
7737,66291.37
7738,23772.78
7739,53007.13
7740,8919.84
7741,6473.71
7742,4487.75
7743,56269.93
7744,82404.15
7745,62675.09
7746,2885.07
7747,9820.2775
7748,2554.48
7749,5523.61
7750,64397.7
7751,11877.96
7752,36486.89
7753,5834.06
7754,4832.636666666666
7755,51962.84
7756,14528.391333333335
7757,6466.27
7758,4578.03
7759,3696.69
7760,6235.67
7761,2264.55
7762,4174.07
7763,2487.16
7764,5461.31
7765,12339.2
7766,6258.97
7767,7857.53
7768,3311.66
7769,4755.69
7770,12544.28
7771,22152.0
7772,69888.78
7773,51600.63
7774,5397.04
7775,6450.32
7776,49209.15
7777,8711.445
7778,5186.91
7779,67908.99
7780,4485.47
7781,60978.0
7782,4282.55
7783,55205.51
7784,9896.64
7785,5792.17
7786,49595.38
7787,5673.65
7788,9273.81
7789,60396.0
7790,11247.67
7791,4674.29
7792,49725.0
7793,63038.81
7794,4511.35
7795,10196.19
7796,3421.61
7797,5540.01
7798,5366.9
7799,58062.37
7800,4944.19
7801,6441.94
7802,9337.75
7803,64513.6
7804,2088.02
7805,5881.81
7806,5094.31
7807,10999.76
7808,68611.25
7809,84162.29
7810,14758.33
7811,4739.9925
7812,6416.84
7813,14169.06
7814,3254.56
7815,4506.76
7816,44394.17
7817,56672.85
7818,57383.36
7819,10839.66
7820,9332.53
7821,5348.98
7822,5000.73
7823,5229.38
7824,51926.4
7825,6681.33
7826,5931.43
7827,6665.99
7828,6634.95
7829,7597.64
7830,6217.22
7831,11149.21
7832,6776.660357142857
7833,30051.02
7834,67059.49
7835,5874.13
7836,22230.28
7837,5369.12
7838,5167.33
7839,5176.01
7840,4830.7
7841,25813.58
7842,39400.41
7843,3770.51
7844,9345.32
7845,5145.99
7846,6201.06
7847,7773.02
7848,52815.27
7849,10434.17
7850,6491.26
7851,10507.42
7852,51478.77
7853,15329.76
7854,15110.1
7855,6792.06
7856,5141.99
7857,10384.5
7858,54495.58
7859,6028.98
7860,5746.8
7861,3312.21
7862,2203.7
7863,66492.08333333334
7864,6112.79
7865,6339.0
7866,67615.78
7867,4298.55
7868,3871.76
7869,5574.42
7870,5405.24
7871,6765.223333333332
7872,45817.12
7873,7629.2
7874,71043.55
7875,45025.27
7876,65478.54
7877,2355.82
7878,10849.79
7879,4837.525
7880,61042.53
7881,55699.30333333334
7882,46239.8
7883,10896.51
7884,56750.52
7885,10798.855
7886,6692.98
7887,15248.28
7888,8388.88
7889,8188.42
7890,51732.46
7891,3541.22
7892,5985.62
7893,64268.2
7894,60361.93
7895,56728.85
7896,4632.69
7897,4482.64
7898,6061.81
7899,5379.07
7900,6634.21
7901,2921.29
7902,2956.7366666666667
7903,5063.8
7904,5040.35
7905,50690.76
7906,5486.93
7907,5909.57
7908,8027.38
7909,55900.89
7910,5685.86
7911,45693.0
7912,10469.62
7913,59848.43
7914,10265.54
7915,6149.36
7916,2402.23
7917,4514.21
7918,41118.59
7919,4683.43
7920,50029.46
7921,5304.55
7922,39656.706
7923,3050.32
7924,6047.61
7925,5780.95
7926,4880.76
7927,5949.0
7928,55362.1
7929,4242.38
7930,57945.41
7931,2763.71
7932,3451.592
7933,12201.39
7934,28444.4
7935,44359.96
7936,6263.27
7937,4246.32
7938,5443.41
7939,4074.93
7940,9585.16
7941,6095.4
7942,64339.54
7943,11447.32
7944,55907.81
7945,11070.99
7946,1929.2
7947,6283.57
7948,33079.6
7949,46209.68
7950,2342.99
7951,4188.38
7952,5680.91
7953,9291.98
7954,4874.82
7955,44561.5
7956,54377.01
7957,6820.3
7958,6138.32
7959,4492.43
7960,4621.13
7961,2988.41
7962,46456.09
7963,39875.68
7964,5893.76
7965,39852.85
7966,6789.47
7967,7833.65
7968,65746.94
7969,52119.47
7970,67886.83
7971,7974.81
7972,6912.33
7973,10426.95388888889
7974,62353.59
7975,44307.43
7976,7751.09
7977,14734.32
7978,52598.02
7979,3942.1
7980,54933.88
7981,67942.6
7982,6689.41
7983,4339.81
7984,50961.63
7985,5378.595
7986,58711.71
7987,20483.87
7988,44045.57
7989,4470.28
7990,8422.42
7991,5768.16
7992,53268.91
7993,4095.9
7994,4840.29
7995,32237.5
7996,4898.34
7997,4915.39
7998,4618.05
7999,46479.63
8000,6262.57
8001,6645.24
8002,38640.04
8003,38169.54
8004,4472.39
8005,4470.59
8006,55212.5
8007,6272.345
8008,6433.213333333332
8009,10684.69
8010,62136.84
8011,4702.41
8012,5618.59
8013,5232.54
8014,23960.56
8015,57756.74
8016,51130.49
8017,5855.92
8018,6004.59
8019,8567.64
8020,39331.9
8021,11293.71
8022,4633.72
8023,3266.39
8024,6256.71
8025,51212.16
8026,64675.2
8027,4343.12
8028,45496.92
8029,52366.76
8030,68213.59
8031,61113.06
8032,4516.88
8033,6817.15
8034,5758.47
8035,6427.4333333333325
8036,7131.76
8037,5717.41
8038,5125.84
8039,65815.4
8040,3129.84
8041,40058.79
8042,9143.16
8043,6272.95
8044,53164.0
8045,6074.94
8046,3644.4
8047,12655.19
8048,56023.33
8049,59718.570666666674
8050,55368.04
8051,5393.85
8052,45593.8
8053,8996.8
8054,2506.33
8055,61408.49
8056,6008.0
8057,52436.1
8058,69956.92
8059,71004.45
8060,3343.18
8061,10979.28
8062,6733.93
8063,3372.56
8064,5508.381666666667
8065,51990.88
8066,2065.94
8067,5925.98
8068,62754.38
8069,5248.0
8070,54687.41
8071,5325.035
8072,62100.1
8073,50964.0
8074,35181.13
8075,10030.68
8076,4920.09
8077,7109.31
8078,11938.26
8079,7241.24
8080,6562.24
8081,6633.73
8082,8008.7
8083,11384.3
8084,13496.44
8085,64658.39
8086,7650.74
8087,3729.05
8088,5438.823119047619
8089,57628.24
8090,52388.48
8091,5083.49
8092,15157.3
8093,2595.42
8094,58315.07
8095,4486.94
8096,6242.16
8097,6118.29
8098,4716.42
8099,58589.98
8100,5342.49
8101,13309.29
8102,5622.64
8103,5920.51
8104,2557.05
8105,5258.55
8106,40429.71
8107,5084.84
8108,6059.41
8109,5895.28
8110,5090.87
8111,4374.53
8112,5642.08
8113,5330.07
8114,6503.96
8115,40617.8
8116,38420.76
8117,3014.93
8118,6083.76
8119,10511.495
8120,49881.04
8121,12275.55
8122,7857.05
8123,5388.53
8124,31691.58
8125,50640.79
8126,2558.05
8127,5618.25
8128,4344.139999999999
8129,45496.92
8130,4603.62
8131,2730.969761904762
8132,2124.36
8133,63644.79
8134,57453.0
8135,53970.28
8136,22152.0
8137,11092.5
8138,10252.58
8139,14092.6
8140,53986.38
8141,7046.983333333334
8142,14163.07
8143,14911.06
8144,40833.29
8145,12640.5
8146,4544.99
8147,4152.0
8148,66301.56
8149,5759.5
8150,10945.15
8151,66803.77
8152,7880.36
8153,60076.52
8154,65003.26
8155,4630.68
8156,9619.77
8157,3897.09
8158,64723.45
8159,57853.1
8160,2973.995
8161,60057.57
8162,6711.81
8163,8923.32
8164,7952.72
8165,74971.13
8166,22223.52
8167,23072.28
8168,56535.7
8169,67864.36
8170,5735.88
8171,2220.53
8172,4897.74
8173,52323.38
8174,4608.983333333334
8175,2759.09
8176,5459.27
8177,44548.77
8178,5918.223666666667
8179,5020.41
8180,28060.45
8181,2987.6675
8182,59944.77
8183,5349.5
8184,7620.12
8185,4381.72
8186,2925.7
8187,7106.6465
8188,6938.27
8189,55983.0
8190,59851.23
8191,6251.32
8192,7381.64
8193,5691.36
8194,4106.495
8195,62621.91
8196,2834.6
8197,2513.9
8198,6583.19
8199,9497.28
8200,5396.9
8201,4250.125333333333
8202,4400.5
8203,6304.93
8204,1640.03
8205,13483.19
8206,6409.27
8207,7587.05
8208,4646.06
8209,59021.0
8210,7748.79
8211,41314.0
8212,2681.16
8213,6920.62
8214,56811.99
8215,10881.87
8216,3013.09
8217,53357.74
8218,5867.02
8219,68497.57
8220,1556.88
8221,13352.62
8222,5476.35
8223,4400.59
8224,51694.64
8225,5855.47
8226,6111.91
8227,45693.0
8228,4527.04
8229,4757.44
8230,56965.26
8231,9116.366666666667
8232,68700.47
8233,7479.96
8234,6113.8
8235,3935.68
8236,59899.02
8237,1370.0
8238,2949.56
8239,2196.51
8240,7629.18
8241,6175.3
8242,5458.38
8243,3437.58
8244,4627.23
8245,13894.27
8246,3198.98
8247,13023.33
8248,4864.16
8249,5564.04
8250,4496.58
8251,7779.2
8252,4177.11
8253,4664.37
8254,69622.18
8255,78306.24
8256,61018.25
8257,6250.45
8258,14488.24
8259,57420.92
8260,52036.02
8261,57776.13
8262,5006.626666666667
8263,6238.8
8264,46946.72
8265,6150.493428571428
8266,67914.38
8267,67218.53
8268,8294.9
8269,32951.69
8270,55051.46
8271,6261.11
8272,10211.88
8273,60424.13
8274,7140.36
8275,2773.49
8276,4821.32
8277,10730.96
8278,55261.22
8279,4212.51
8280,2956.68
8281,10116.63
8282,6432.23
8283,4844.14
8284,5359.42
8285,7883.295
8286,60554.89
8287,81116.01
8288,9129.93
8289,67006.22
8290,5743.41
8291,9108.34
8292,4482.62
8293,12039.11
8294,3442.39
8295,6968.38
8296,5235.0
8297,53296.38
8298,6443.6
8299,6282.32
8300,2809.41
8301,6893.17
8302,2880.21
8303,38551.39
8304,5595.94
8305,1892.6
8306,7423.34
8307,61048.79666666666
8308,57387.35
8309,8600.0
8310,4624.2
8311,41662.03
8312,12803.92
8313,1888.45
8314,3392.76
8315,51752.96
8316,50826.92
8317,10316.2
8318,50747.59
8319,4605.822
8320,5846.53
8321,4895.12
8322,4706.5
8323,4850.79
8324,4649.27
8325,5442.99
8326,6424.26
8327,52373.91
8328,4499.37
8329,5276.36
8330,8121.24
8331,7782.54
8332,5278.89
8333,48524.53
8334,61876.21
8335,7427.65
8336,6640.95
8337,63765.79416666667
8338,6097.11
8339,60508.0
8340,8344.63
8341,5454.81
8342,2620.91
8343,4631.14
8344,47131.52
8345,4219.05
8346,49993.8
8347,4835.15
8348,5097.138166666667
8349,6131.48
8350,12947.55
8351,6425.75
8352,2582.58
8353,76150.31
8354,50466.23
8355,2390.4
8356,66148.01
8357,7028.4980000000005
8358,9262.74
8359,51621.41
8360,74334.12
8361,4970.64
8362,59361.20666666667
8363,5570.63
8364,3984.93
8365,53887.7
8366,5660.857928571429
8367,12265.01
8368,37253.37
8369,2295.03
8370,14122.8
8371,4819.36
8372,30757.25
8373,5314.86
8374,5068.42
8375,8096.61
8376,41909.03
8377,6805.276
8378,3473.5525
8379,1625.43
8380,3063.87
8381,53970.28
8382,6008.16
8383,54920.05
8384,55983.0
8385,66950.84
8386,61621.03
8387,50540.74
8388,62944.75
8389,20550.18
8390,53389.76
8391,8315.57
8392,5991.38
8393,60602.3
8394,7505.38
8395,6211.41
8396,4077.84
8397,5867.61
8398,47687.72
8399,5000.35
8400,5057.89
8401,5393.74
8402,3238.28
8403,59986.94342857143
8404,6017.31
8405,6181.06
8406,7450.72
8407,11683.8
8408,7390.48
8409,6643.45
8410,60188.37
8411,2486.42
8412,5474.56
8413,6355.98
8414,4899.63
8415,73190.28
8416,4073.97
8417,3164.51
8418,2512.91
8419,2487.71
8420,13106.54
8421,4185.26
8422,52569.91
8423,5849.46
8424,60602.3
8425,5351.69
8426,58359.87
8427,6321.758000000001
8428,5809.64
8429,10079.72
8430,3088.275
8431,56476.0
8432,5023.75
8433,10332.93
8434,3660.05
8435,3055.42
8436,7958.6
8437,52448.57
8438,5189.75
8439,55439.51
8440,50690.06
8441,5192.42
8442,57036.43
8443,16931.77
8444,7830.45
8445,2010.67
8446,10731.0
8447,6370.92
8448,5798.67
8449,6181.37
8450,56159.46
8451,57584.43
8452,64765.96
8453,2544.595
8454,3109.55
8455,4622.27
8456,59205.56
8457,50666.5
8458,9675.6
8459,47396.52
8460,6183.86
8461,5558.6
8462,59387.62
8463,3999.0
8464,5906.33
8465,13730.94
8466,10215.45
8467,65701.29
8468,9106.46
8469,5626.97
8470,49816.62
8471,6297.465
8472,45883.4
8473,9837.545
8474,14788.16
8475,2413.685
8476,11191.53
8477,2410.31
8478,7671.36
8479,5292.48
8480,5646.28
8481,50537.53
8482,7364.14
8483,65233.68
8484,7895.03
8485,54677.14
8486,60964.54
8487,5995.68
8488,9448.584
8489,11091.32
8490,5020.48
8491,71517.1
8492,12439.0
8493,3071.08
8494,3553.55
8495,6320.5925
8496,5331.6
8497,4426.66
8498,5007.0
8499,5837.77
8500,6089.48
8501,11334.73
8502,2124.27
8503,4802.51
8504,11168.13
8505,39949.26
8506,49804.41
8507,2803.63
8508,52653.4
8509,2456.67
8510,12998.66
8511,5295.82
8512,4762.23
8513,4586.62
8514,7069.09
8515,4326.37
8516,50010.05
8517,3972.06
8518,5208.92
8519,5692.13
8520,2404.71
8521,3472.04
8522,54146.86
8523,5000.16
8524,12962.56
8525,3331.65
8526,53553.68
8527,7517.075571428572
8528,9321.54
8529,60003.43
8530,56653.17
8531,10878.3
8532,3947.745
8533,45167.61
8534,5348.9
8535,1776.16
8536,4878.18
8537,53046.82
8538,74268.93
8539,55595.4
8540,11315.69
8541,33900.8
8542,12067.02
8543,3481.13
8544,49333.56
8545,2555.29
8546,11316.88
8547,12146.62
8548,11267.02
8549,51384.29
8550,4548.51
8551,61087.32
8552,52377.35
8553,5168.04
8554,3725.34
8555,6948.1655
8556,7893.53
8557,6579.74
8558,6173.04
8559,2953.29
8560,8349.03
8561,8087.785
8562,36612.73
8563,3429.27
8564,8266.28
8565,5538.62
8566,5545.18
8567,2146.57
8568,6914.73
8569,6619.07
8570,6231.88
8571,4733.71
8572,53142.98
8573,4113.35
8574,4910.64
8575,58699.72
8576,55377.0
8577,5589.11
8578,39152.72
8579,2713.09
8580,5945.54
8581,7110.86
8582,14590.6
8583,9740.08
8584,6033.46
8585,52540.54
8586,4664.16
8587,6242.21
8588,5967.96
8589,42424.59
8590,56932.8
8591,7855.17
8592,51817.04
8593,5915.2
8594,5199.66
8595,5725.98
8596,4240.09
8597,5445.12
8598,50681.09
8599,11591.23
8600,6981.22
8601,4026.54
8602,4297.27
8603,5783.1375
8604,4955.84
8605,43693.74
8606,52422.41
8607,4727.91
8608,11893.59
8609,6212.55
8610,58628.15
8611,73412.23
8612,60602.3
8613,49613.0
8614,60000.08
8615,4694.27
8616,3681.87
8617,8641.28
8618,3984.18
8619,58661.46
8620,61838.818
8621,4512.72
8622,6118.99
8623,14397.43
8624,4480.24
8625,39693.81
8626,2112.2433333333333
8627,65261.1
8628,47108.21
8629,5612.8075
8630,5572.83
8631,9001.16
8632,44282.89
8633,7931.46
8634,11721.13
8635,54889.27
8636,53967.17
8637,14559.58
8638,53726.44
8639,56383.27
8640,65337.35
8641,71636.85
8642,48089.69
8643,53893.06
8644,5910.373333333334
8645,53184.06
8646,2421.3733333333334
8647,6468.83
8648,39714.84
8649,5132.985
8650,5091.57
8651,6237.56
8652,3421.42
8653,5494.39
8654,54864.08
8655,8916.16
8656,4575.8
8657,6030.86
8658,6234.65
8659,8314.56
8660,3561.96
8661,5264.16
8662,48942.03
8663,49567.69
8664,6133.68
8665,53164.0
8666,5161.02
8667,6325.64
8668,9170.92
8669,5022.67
8670,3899.67
8671,11107.96
8672,4960.15
8673,9854.68
8674,7358.07
8675,67567.06
8676,5207.3
8677,6414.5
8678,2666.86
8679,51338.99
8680,65714.905
8681,59935.69
8682,54608.0
8683,6724.16
8684,2586.91
8685,45167.61
8686,4478.16
8687,7452.16
8688,63600.58
8689,13135.36
8690,56590.0
8691,5769.54
8692,10581.695
8693,3932.18
8694,54684.0
8695,6181.04
8696,65104.01
8697,56655.05
8698,59585.35
8699,4956.21
8700,3098.01
8701,5017.43
8702,5944.33
8703,5708.596666666666
8704,2332.08
8705,56265.81
8706,4960.44
8707,5268.66
8708,3822.32
8709,41281.85
8710,4802.04
8711,3791.41
8712,2259.85
8713,38248.02
8714,5238.35
8715,4116.15
8716,57739.15
8717,8245.32
8718,4856.07
8719,5321.38
8720,5766.0
8721,6069.35
8722,7078.63
8723,4412.7
8724,6229.51
8725,5572.56
8726,9554.4
8727,3902.59
8728,18247.12
8729,10021.91
8730,6322.62
8731,8027.52
8732,34060.41
8733,5093.17
8734,3889.77
8735,5108.73
8736,14513.74
8737,5422.818571428572
8738,14785.4
8739,4130.39
8740,11050.11
8741,4229.37
8742,2320.61
8743,5971.1
8744,5171.83
8745,10612.43
8746,49553.0
8747,2267.69
8748,12223.11
8749,53540.02
8750,6237.589833333335
8751,5173.66
8752,5737.28
8753,3691.42
8754,10008.98
8755,9242.37
8756,6241.76
8757,64223.25
8758,3976.83
8759,5363.3
8760,5908.9
8761,3233.96
8762,59579.67
8763,10689.61
8764,19915.373333333333
8765,48981.56
8766,44046.37
8767,4643.641666666666
8768,55208.66
8769,3728.64
8770,73071.94
8771,5268.33
8772,13242.21
8773,2975.55
8774,4424.09
8775,9351.4
8776,6188.34
8777,2953.8
8778,2131.003333333333
8779,2401.87
8780,6661.73
8781,22152.0
8782,6356.29
8783,5759.653333333333
8784,5314.71
8785,6677.89
8786,61132.61
8787,4371.82
8788,6363.43
8789,27964.56
8790,4897.54
8791,2195.66
8792,11570.87
8793,6335.53
8794,5761.99
8795,3969.74
8796,4299.5
8797,9773.9
8798,6068.67
8799,14072.07
8800,9689.86
8801,3165.165
8802,5378.66
8803,5195.54
8804,6810.72
8805,6888.24
8806,7235.52
8807,5736.99
8808,5362.63
8809,5910.06
8810,57428.96
8811,51984.24
8812,6912.86
8813,4321.47
8814,3367.57
8815,3087.06
8816,5086.34
8817,56747.69
8818,28158.33
8819,10755.11
8820,10956.37
8821,77440.4
8822,81736.89
8823,7766.92
8824,67504.47
8825,5649.35
8826,41444.35
8827,37690.41
8828,8115.87
8829,6915.57
8830,8233.086666666666
8831,3564.58
8832,4995.59
8833,62883.88
8834,68812.94
8835,45257.0
8836,5968.88
8837,6331.073333333333
8838,5028.81
8839,47863.25
8840,22568.3
8841,4874.61
8842,7374.51
8843,54684.0
8844,4090.85
8845,6413.53
8846,7452.65
8847,8314.91
8848,45600.0
8849,5076.82
8850,56253.18
8851,42003.83
8852,7329.65
8853,2507.21
8854,56419.64
8855,67679.4
8856,79684.62
8857,2168.94
8858,6614.06
8859,4011.13
8860,71538.15
8861,5677.94
8862,5411.95
8863,52833.56
8864,14472.22
8865,9441.773333333334
8866,29670.8
8867,5817.95
8868,4486.41
8869,2434.52
8870,54558.05
8871,4890.2390000000005
8872,44896.69
8873,2531.47
8874,49689.0
8875,7389.56
8876,60166.88
8877,5085.39
8878,4972.35
8879,39657.43
8880,7194.54
8881,3970.74
8882,11026.47
8883,6339.51
8884,5682.2
8885,5807.98
8886,6125.95
8887,6151.07
8888,66167.77
8889,3599.09
8890,53999.09
8891,6293.04
8892,6932.11
8893,4093.095
8894,59048.95
8895,53128.55
8896,54653.73
8897,5949.0
8898,3354.3
8899,49613.0
8900,6746.84
8901,4110.84
8902,20684.0
8903,52587.97
8904,5781.2
8905,4700.6
8906,5665.23
8907,2759.45
8908,4640.22
8909,4263.771333333333
8910,3422.94
8911,67453.49
8912,58813.06
8913,6100.76
8914,7173.64
8915,61933.0
8916,4371.43
8917,7449.02
8918,44739.14
8919,6483.4
8920,49613.0
8921,56713.57
8922,4680.28
8923,60479.84
8924,9752.34
8925,6358.83
8926,6993.28
8927,1863.64
8928,5963.24
8929,51285.09
8930,5036.7
8931,4083.4
8932,52182.28
8933,3504.47
8934,54128.92
8935,5519.72
8936,4455.92
8937,9977.33
8938,54684.0
8939,7402.83
8940,5349.48
8941,60978.0
8942,2664.76
8943,41813.89
8944,7898.97
8945,10931.94
8946,5599.03
8947,5461.29
8948,4869.75
8949,9282.76
8950,60978.75
8951,6553.72
8952,4413.57
8953,4315.36
8954,52287.0
8955,5571.94
8956,15225.06
8957,57972.48
8958,41485.36
8959,4243.9
8960,30592.12
8961,6103.83
8962,6314.99
8963,56107.22
8964,49209.06
8965,4223.26
8966,53564.68
8967,33009.58
8968,49725.0
8969,5380.141428571428
8970,3625.88
8971,10998.94
8972,11567.06
8973,4915.61
8974,56737.99
8975,11864.83
8976,5288.73
8977,10812.17
8978,3857.7960000000003
8979,38429.81
8980,8218.1
8981,51792.76
8982,11224.03
8983,59199.23
8984,54118.76
8985,41281.0
8986,4680.09
8987,6641.0
8988,9092.586666666666
8989,53929.53
8990,10939.04
8991,61909.39599999999
8992,5955.78
8993,64347.89
8994,6722.12
8995,11355.41
8996,5412.37
8997,50616.06
8998,5750.05
8999,4040.81
9000,83131.87
9001,5763.34
9002,2762.57
9003,11575.099000000002
9004,4304.69
9005,11465.5
9006,10472.31
9007,11453.33
9008,5729.629833333334
9009,9789.05
9010,3121.63
9011,8988.57
9012,4637.18
9013,56476.0
9014,6633.32
9015,2452.24
9016,6185.17
9017,4632.45
9018,17644.87
9019,4837.48
9020,6596.88
9021,23838.0
9022,65061.4
9023,5707.593333333334
9024,2594.73
9025,7181.89
9026,6124.33
9027,2580.58
9028,2457.62
9029,10482.71
9030,4972.81
9031,5698.68
9032,16389.17
9033,71981.07
9034,5192.82
9035,5040.0
9036,56359.33
9037,2267.52
9038,50528.32
9039,10618.26
9040,60466.71
9041,1972.64
9042,4191.13
9043,33794.56
9044,49775.4
9045,59486.62
9046,5757.95
9047,3324.98
9048,53929.67
9049,15293.17
9050,3496.31
9051,11337.86
9052,7531.51
9053,59430.6
9054,7504.213833333333
9055,9796.08
9056,3923.9
9057,4382.36
9058,1796.62
9059,3833.944000000001
9060,6647.03
9061,13675.6
9062,31261.46
9063,5675.58
9064,56443.28
9065,48644.42
9066,9614.29
9067,4918.185
9068,8111.96
9069,7539.92
9070,2354.17
9071,52825.0
9072,3183.105
9073,59629.39
9074,7103.25
9075,9236.01
9076,81731.81
9077,6716.78
9078,4352.65
9079,2999.42
9080,57117.79
9081,5680.143333333333
9082,5263.04
9083,5994.81
9084,5437.77
9085,4408.03
9086,2561.93
9087,6881.715
9088,67848.88
9089,3797.99
9090,6058.64
9091,4605.76
9092,62163.78
9093,9456.08
9094,5836.58
9095,4575.41
9096,4281.59
9097,12812.29
9098,3910.8638095238093
9099,42563.52
9100,2345.27
9101,62978.42
9102,59450.23
9103,9410.16
9104,65187.4
9105,5648.1
9106,4404.88
9107,5475.85
9108,9766.03
9109,34287.08
9110,4177.85
9111,6731.66
9112,10856.59
9113,52963.26
9114,4311.84
9115,44110.46
9116,2410.31
9117,62611.02
9118,5666.44
9119,3818.82
9120,4767.07
9121,14059.29
9122,5440.9
9123,38015.79
9124,43447.74
9125,61013.56
9126,4598.67
9127,59010.82
9128,61987.1
9129,4733.93
9130,6336.53
9131,4608.894
9132,2820.53
9133,4269.58
9134,6644.06
9135,55283.28
9136,75940.89
9137,76766.80866666668
9138,39555.19
9139,73013.36
9140,6556.3
9141,53015.26
9142,51707.0
9143,60544.94
9144,41489.6
9145,4982.06
9146,4192.2
9147,2467.97
9148,54756.23
9149,55034.66
9150,7495.66
9151,58385.98
9152,2959.58
9153,3354.78
9154,2381.185
9155,2410.71
9156,11148.46
9157,13446.97
9158,4016.84
9159,4918.99
9160,27964.56
9161,6387.206
9162,2881.0175
9163,3806.51
9164,48863.37
9165,57434.69
9166,12992.43
9167,5199.75
9168,54121.64
9169,62292.86
9170,43437.54
9171,4864.59
9172,52916.9
9173,9812.49
9174,39942.82
9175,39362.06
9176,9773.6
9177,55252.04
9178,7867.73
9179,45693.0
9180,7762.21
9181,4814.08
9182,6571.94
9183,7890.826666666668
9184,7950.33
9185,5144.39
9186,3278.46
9187,32923.0
9188,63961.5
9189,55506.81
9190,16782.29
9191,7103.94
9192,3399.3
9193,67219.22
9194,36589.84
9195,7248.45
9196,60764.07
9197,5849.78
9198,8660.8
9199,4561.16
9200,6472.89
9201,5478.17
9202,3407.66
9203,12343.72
9204,56886.51
9205,4654.89
9206,13198.82
9207,38354.68
9208,27830.0
9209,9226.14
9210,8554.71
9211,7068.22
9212,4895.67
9213,73080.21
9214,6199.23
9215,51707.0
9216,15015.68
9217,4161.56
9218,28510.0
9219,11233.28
9220,65188.79
9221,4077.7
9222,11171.44
9223,5916.91
9224,45185.0
9225,72062.17
9226,5006.6575
9227,6233.62
9228,40471.62
9229,69269.78
9230,60508.0
9231,77645.83666666666
9232,2678.95
9233,11512.64
9234,3845.77
9235,4169.16
9236,6111.47
9237,44144.0
9238,14778.42
9239,6039.9
9240,8702.31
9241,52596.08
9242,7127.92
9243,5996.95
9244,44084.83
9245,5017.08
9246,49725.0
9247,10735.84
9248,4263.9
9249,6330.03
9250,11798.02
9251,46017.48
9252,5072.97
9253,6148.13
9254,53808.33
9255,5799.76
9256,1781.24
9257,6161.87
9258,10895.85
9259,3585.99
9260,12072.15
9261,4318.7
9262,3486.5
9263,83948.5
9264,4851.94
9265,74717.48
9266,49323.13
9267,61074.02
9268,50346.01
9269,5916.5
9270,8049.49
9271,2835.89
9272,6203.2
9273,7037.48
9274,67611.45
9275,5361.29
9276,5738.56
9277,59886.87
9278,12898.3
9279,5448.19
9280,13261.13
9281,60588.85
9282,57361.1
9283,45883.4
9284,5076.47
9285,49154.17
9286,5937.02
9287,4633.88
9288,53645.0
9289,5200.09
9290,2938.73
9291,3912.09
9292,45257.0
9293,2512.23
9294,42536.52
9295,4640.14
9296,3992.54
9297,2265.97
9298,60834.28
9299,51188.06
9300,6591.78
9301,5323.44
9302,4891.01
9303,33316.69
9304,58807.32
9305,2240.39
9306,11856.79
9307,53838.44
9308,3076.94
9309,5867.37
9310,4403.003333333334
9311,14977.15
9312,65772.86
9313,10550.23
9314,5097.421666666667
9315,4472.28
9316,55770.2
9317,60978.0
9318,64697.15
9319,5111.82
9320,4135.19
9321,44170.32
9322,5847.005
9323,6031.33
9324,50271.0
9325,5248.3
9326,8691.94
9327,2633.4
9328,52078.57
9329,5047.87
9330,5709.11
9331,5980.15
9332,5382.38
9333,4588.0
9334,9863.66
9335,56606.57
9336,2966.09
9337,5074.38
9338,5663.1
9339,3561.66
9340,5995.2
9341,5351.55
9342,3959.22
9343,6149.06
9344,55062.62
9345,5568.8983333333335
9346,52081.42
9347,45257.0
9348,44449.47
9349,6220.15
9350,2132.31
9351,66593.81
9352,4808.35
9353,67340.65333333334
9354,60189.5
9355,4153.25
9356,50898.68
9357,29739.12
9358,11396.64
9359,4645.079000000001
9360,54684.0
9361,7441.65
9362,50305.83
9363,63128.91
9364,53596.8
9365,53673.13
9366,7991.5
9367,4292.89
9368,55497.96
9369,3892.34
9370,13537.52
9371,7357.86
9372,54181.32
9373,41064.0
9374,9983.79
9375,5456.097857142857
9376,4039.8
9377,63346.32333333334
9378,6106.55
9379,4762.77
9380,6077.31
9381,4361.24
9382,8903.91
9383,53682.47
9384,4808.74
9385,61896.74
9386,17587.49
9387,6387.65
9388,13335.81
9389,11084.75
9390,12931.85
9391,3332.1
9392,44269.42
9393,17552.92
9394,6744.04
9395,12408.9
9396,4895.445
9397,6179.7895
9398,5962.83
9399,28383.59
9400,60396.0
9401,5680.52
9402,5529.03
9403,6482.49
9404,9365.32
9405,3161.0558333333333
9406,14988.9
9407,56556.62666666667
9408,7760.34
9409,12686.82
9410,54899.30625
9411,3545.71
9412,12825.04
9413,6326.76
9414,4810.47
9415,60447.84
9416,43850.29
9417,4392.3
9418,12523.41
9419,6498.62
9420,50283.27666666667
9421,7425.9
9422,6627.94
9423,9664.37
9424,9711.74
9425,3851.863
9426,53240.72
9427,4016.52
9428,60689.22
9429,6291.08
9430,5657.0
9431,5667.6
9432,51924.13
9433,70245.55
9434,4502.64
9435,3638.53
9436,9248.49
9437,4836.14
9438,5141.655
9439,11303.84
9440,56620.24
9441,10288.11
9442,5228.45
9443,45693.0
9444,5293.34
9445,4298.5
9446,47411.24
9447,44447.35
9448,2587.23
9449,9687.08
9450,49946.34
9451,79942.6
9452,4145.18
9453,4648.84
9454,6774.81
9455,3170.54
9456,5965.3
9457,12081.93
9458,49598.12
9459,6045.82
9460,6172.5
9461,50512.36
9462,71753.28
9463,6820.28
9464,36447.0
9465,11256.1
9466,6411.26
9467,4334.9
9468,55009.16
9469,51817.02
9470,8426.05
9471,7137.58
9472,51786.28
9473,61608.03
9474,12787.1
9475,2426.62
9476,4048.14
9477,6531.53
9478,13683.06
9479,4341.496666666666
9480,4516.73
9481,13062.59
9482,10406.34
9483,50420.42
9484,10689.28
9485,4400.12
9486,3038.89
9487,42172.86
9488,4193.14
9489,59557.23333333334
9490,2355.28
9491,39112.58
9492,7509.27
9493,3344.69
9494,7169.4546666666665
9495,7309.53
9496,6950.4
9497,45257.0
9498,4591.73
9499,1448.31
9500,58348.26
9501,11546.31
9502,58243.26
9503,3844.86
9504,39457.55
9505,16703.056666666664
9506,9265.54
9507,3172.71
9508,6521.88
9509,5411.39
9510,4140.59
9511,10890.99
9512,5144.4
9513,63241.21
9514,7930.63
9515,4294.06
9516,5644.01
9517,8840.83
9518,5601.79
9519,5805.63
9520,2395.2666666666664
9521,10120.46
9522,45697.68
9523,4500.0
9524,3236.9809999999998
9525,6980.03
9526,7347.13
9527,69906.71
9528,4116.41
9529,18158.94
9530,60037.51
9531,12822.62
9532,7043.3
9533,44545.63
9534,66906.37
9535,38111.66
9536,63790.46
9537,5135.0775
9538,63767.07
9539,3394.6
9540,58005.7
9541,45693.0
9542,58168.31
9543,7148.73
9544,4887.76
9545,52821.97
9546,4584.17
9547,4431.89
9548,2018.07
9549,61449.65
9550,3371.4
9551,9568.27
9552,55479.47
9553,4679.64
9554,5654.05
9555,12085.74
9556,22924.04
9557,7935.85
9558,56159.46
9559,10457.26
9560,5943.01
9561,10953.76
9562,55263.03
9563,4684.82
9564,5503.92
9565,45693.0
9566,4863.63
9567,6721.25
9568,5435.72
9569,15737.67
9570,5241.248333333333
9571,7397.93
9572,57143.37
9573,12222.45
9574,5155.88
9575,5843.95
9576,2080.86
9577,73883.21
9578,45693.0
9579,6825.47
9580,60602.3
9581,15464.46
9582,58905.58
9583,5545.73
9584,47457.14
9585,42105.16
9586,9492.42
9587,48771.13
9588,6880.67
9589,5750.93
9590,6855.27
9591,2653.82
9592,6296.68
9593,5722.5
9594,60508.0
9595,60359.35
9596,64091.72
9597,5268.7475
9598,4267.1725
9599,3855.18
9600,4390.72
9601,8027.23
9602,32634.0
9603,2616.07
9604,7090.34
9605,6718.85
9606,41068.87
9607,4468.43
9608,1744.81
9609,3642.6625
9610,13599.67
9611,4991.56
9612,52829.73
9613,65436.14
9614,4676.68
9615,54608.0
9616,6157.48
9617,5135.49
9618,58150.08
9619,51872.20533333333
9620,58387.29
9621,12637.44
9622,5487.87
9623,39548.56
9624,7060.32
9625,6528.653333333334
9626,5336.28
9627,3999.19
9628,6705.54
9629,6831.12
9630,40732.24
9631,5954.51
9632,6004.12
9633,74043.55
9634,50655.44
9635,5530.95
9636,4330.05
9637,5739.3
9638,6475.36
9639,71961.73
9640,2212.86
9641,17004.04
9642,5471.38
9643,4174.59
9644,5604.3
9645,12794.77
9646,2595.12
9647,5728.97
9648,15757.39
9649,6613.22
9650,4833.47
9651,4534.9
9652,4687.45
9653,16126.05
9654,10935.05
9655,3854.69
9656,1817.76
9657,65062.61
9658,59188.47
9659,7083.37
9660,7180.35
9661,49791.55
9662,6314.94
9663,4472.3
9664,6158.18
9665,2315.82
9666,43729.25
9667,5694.08
9668,11047.38
9669,4437.43
9670,52482.15
9671,6941.28
9672,2409.7
9673,29728.8
9674,46176.14
9675,64135.0
9676,55742.31
9677,11241.77
9678,52423.31
9679,44807.05
9680,7361.46
9681,5011.5
9682,8128.64
9683,10546.28
9684,4165.99
9685,8094.76
9686,61678.98
9687,5526.82
9688,14634.13
9689,2644.15
9690,58204.52
9691,64855.6
9692,7265.99
9693,4309.57
9694,5860.39
9695,52063.0
9696,5235.42
9697,53164.0
9698,5150.87
9699,65152.1
9700,6298.45
9701,63990.63
9702,2458.04
9703,9807.84
9704,13654.17
9705,47093.99
9706,6987.0
9707,59770.39
9708,9505.19
9709,28584.09
9710,4339.4
9711,60139.64
9712,3879.778
9713,16560.69
9714,7426.7
9715,5149.7
9716,70307.26
9717,6101.85
9718,6360.49
9719,4777.18
9720,12633.58
9721,7945.26
9722,22223.52
9723,6331.28
9724,77121.29
9725,7738.153333333333
9726,46868.76
9727,5185.08
9728,35119.01
9729,5414.77
9730,4604.163333333333
9731,25014.16
9732,5024.8
9733,3574.25
9734,2367.63
9735,6042.9
9736,11324.34
9737,5951.05
9738,4245.36
9739,6485.16
9740,4747.45
9741,65678.56
9742,10202.72
9743,6942.7
9744,39794.51
9745,4134.44
9746,6773.06
9747,49298.11
9748,4439.01
9749,68593.84
9750,6112.82
9751,5056.27
9752,54684.0
9753,62259.55
9754,5554.49
9755,5160.76
9756,48920.32
9757,5004.84
9758,3083.53
9759,12541.75
9760,60897.54
9761,3234.68
9762,4696.39
9763,45744.17
9764,4237.27
9765,3013.08
9766,5115.63
9767,9467.61
9768,5878.48
9769,6120.98
9770,6658.83
9771,67203.75
9772,6217.95
9773,43982.56
9774,12558.73
9775,8552.09
9776,39032.1
9777,14195.0
9778,5024.2
9779,7579.87
9780,4875.43
9781,2798.3
9782,38434.46
9783,6199.66
9784,5928.17
9785,51806.34
9786,12937.19
9787,1889.16
9788,53123.9
9789,3087.04
9790,3598.42
9791,4024.65
9792,6299.41
9793,58186.74
9794,5046.22
9795,14876.47
9796,31796.16
9797,56100.18
9798,4516.45
9799,53002.78
9800,5688.06
9801,13356.96
9802,48776.21
9803,3070.46
9804,10880.93
9805,3946.18
9806,13698.27
9807,5636.42
9808,60790.66
9809,6951.61
9810,9453.57
9811,5617.14
9812,5760.1
9813,11499.43
9814,7966.64
9815,6009.89
9816,5999.35
9817,59189.75
9818,59021.0
9819,17399.37
9820,4501.89
9821,7230.87
9822,11460.93
9823,54687.41
9824,5750.425
9825,6553.58
9826,60286.31
9827,5782.27
9828,28202.48
9829,70293.53
9830,15570.79
9831,38119.62
9832,3273.14
9833,4402.29
9834,4939.23
9835,5329.95
9836,42025.79
9837,67308.43
9838,5144.02
9839,61313.92
9840,10672.259714285716
9841,10323.11
9842,4519.89
9843,3848.97
9844,41094.8
9845,8420.43
9846,5037.64
9847,13710.2
9848,3315.02
9849,5167.15
9850,4829.78
9851,10976.02
9852,5539.33
9853,56682.32
9854,5415.21
9855,5437.76
9856,56286.3
9857,6993.93
9858,11685.54
9859,53618.09
9860,53743.0
9861,3555.56
9862,42065.24
9863,47097.6
9864,42560.01
9865,55453.16
9866,3868.67
9867,6400.97
9868,64478.2
9869,54736.78
9870,7575.37
9871,5181.94
9872,4863.96
9873,58211.24
9874,8664.983333333332
9875,62750.64
9876,4354.12
9877,6504.01
9878,6609.31
9879,5605.58
9880,3404.44
9881,54757.96
9882,65787.57
9883,4348.266666666666
9884,11459.11
9885,49612.22
9886,62562.88
9887,3640.0
9888,53907.74
9889,7645.65
9890,39453.9
9891,23944.0
9892,3389.42
9893,57270.65
9894,4517.85
9895,7133.31
9896,5045.86
9897,7235.5475
9898,6562.42
9899,4562.91
9900,55625.47
9901,5514.87
9902,3901.52
9903,4930.86
9904,4493.01
9905,2178.29
9906,11293.47
9907,6082.08
9908,6979.82
9909,25014.72
9910,3144.65
9911,59844.37142857143
9912,4921.24
9913,9644.56
9914,12278.29
9915,7379.23
9916,47364.84
9917,38551.39
9918,9728.59
9919,13811.97
9920,5517.705
9921,51838.34
9922,1714.0
9923,5001.243333333333
9924,11680.84
9925,6112.58
9926,2625.84
9927,58121.28
9928,60154.69
9929,2968.16
9930,4056.725
9931,63026.72
9932,3950.01
9933,6529.98
9934,6361.54
9935,9726.74
9936,6414.02
9937,4872.54
9938,4160.06
9939,4453.02
9940,4946.71
9941,3988.41
9942,5215.91
9943,7817.09
9944,2674.77
9945,5828.99
9946,5042.92
9947,55777.85
9948,52213.64833333334
9949,4510.31
9950,8059.978333333333
9951,5345.72
9952,4154.28
9953,4796.74
9954,61907.31
9955,5357.43
9956,3557.9
9957,2364.45
9958,7055.68
9959,5385.91
9960,5839.69
9961,6254.3
9962,10219.81
9963,54608.0
9964,4899.26
9965,7245.08
9966,56833.17
9967,57698.62
9968,71918.31
9969,6998.88
9970,52247.19
9971,15941.38
9972,58930.24
9973,58072.13
9974,5258.53
9975,3044.45
9976,5622.47
9977,5026.28
9978,3345.75
9979,2760.5925
9980,68917.8
9981,47056.51
9982,4012.79
9983,5736.11
9984,3213.87
9985,4909.58
9986,4542.49
9987,52351.55
9988,5840.27
9989,65650.72
9990,7233.85
9991,2704.46
9992,5028.75
9993,4461.39
9994,4203.53
9995,4175.76
9996,11049.986666666666
9997,86668.18
9998,56590.0
9999,58428.69
